track,masking_regime,mask_metadata,method,P@10,R@10,mAP,nDCG@10,ServedRate
pred,asymmetric,"{""direction"": ""broad_to_narrow""}",Gower [pred],0.28681318681318685,0.03470675585287992,0.28220717629259107,0.3440375406760943,0.8198198198198198
pred,asymmetric,"{""direction"": ""broad_to_narrow""}",Masked cosine [pred],0.20219780219780217,0.03343275048985674,0.27218448597298006,0.2333352243620339,0.8198198198198198
pred,asymmetric,"{""direction"": ""broad_to_narrow""}",Mean imputation [pred],0.3045045045045045,0.04517363526779806,0.2519322338665765,0.3738322395783291,1.0
pred,asymmetric,"{""direction"": ""broad_to_narrow""}",Missingness indicators [pred],0.2990990990990991,0.03150280591064015,0.264603731736785,0.3591749033414231,1.0
pred,asymmetric,"{""direction"": ""broad_to_narrow""}",OAKG-lexicographic [pred],0.2801801801801802,0.03266677484351406,0.2238525349532529,0.330016171905864,0.8198198198198198
pred,asymmetric,"{""direction"": ""broad_to_narrow""}",OAKG-product [pred],0.2801801801801802,0.03266677484351406,0.2238525349532529,0.330016171905864,0.8198198198198198
pred,asymmetric,"{""direction"": ""broad_to_narrow""}",OAKG-similarity [pred],0.25675675675675674,0.028966524457538622,0.2202805057662228,0.30271220326261183,0.8198198198198198
pred,asymmetric,"{""direction"": ""broad_to_narrow""}",OAKG-threshold [pred],0.27927927927927926,0.032470233963010915,0.22342241464576304,0.3287552794859962,0.8198198198198198
pred,asymmetric,"{""direction"": ""broad_to_narrow""}",WL [pred],0.3621621621621622,0.04649090978823254,0.3576997083236488,0.43423022482306756,1.0
pred,asymmetric,"{""direction"": ""broad_to_narrow""}",WL+Obs [pred],0.3621621621621622,0.13142143409693172,0.47092213978774744,0.5472724435884874,1.0
pred,asymmetric,"{""direction"": ""broad_to_narrow""}",Zero imputation [pred],0.2990990990990991,0.030939318296723153,0.2574517780690585,0.34308085042255093,1.0
pred,asymmetric,"{""direction"": ""narrow_to_broad""}",Gower [pred],0.30329670329670333,0.051815617744490124,0.31398759271442644,0.3733182786921482,0.8198198198198198
pred,asymmetric,"{""direction"": ""narrow_to_broad""}",Masked cosine [pred],0.29120879120879123,0.04635511869277342,0.3052700203212366,0.3479208812023072,0.8198198198198198
pred,asymmetric,"{""direction"": ""narrow_to_broad""}",Mean imputation [pred],0.281981981981982,0.045040809890667825,0.22060000195706167,0.35886150720907556,1.0
pred,asymmetric,"{""direction"": ""narrow_to_broad""}",Missingness indicators [pred],0.28378378378378377,0.030401518848492782,0.2201801228209867,0.34473388226517176,1.0
pred,asymmetric,"{""direction"": ""narrow_to_broad""}",OAKG-lexicographic [pred],0.09819819819819821,0.01901168771468466,0.09772861608397589,0.11709468209390453,0.27927927927927926
pred,asymmetric,"{""direction"": ""narrow_to_broad""}",OAKG-product [pred],0.10270270270270271,0.01989433494167151,0.09902705610015636,0.12144237285110537,0.27927927927927926
pred,asymmetric,"{""direction"": ""narrow_to_broad""}",OAKG-similarity [pred],0.09819819819819821,0.018293070023067622,0.09851089474412358,0.11664301098385878,0.27927927927927926
pred,asymmetric,"{""direction"": ""narrow_to_broad""}",OAKG-threshold [pred],0.09819819819819821,0.01901168771468466,0.0978606291331325,0.11709468209390453,0.27927927927927926
pred,asymmetric,"{""direction"": ""narrow_to_broad""}",WL [pred],0.36036036036036034,0.046260676185357424,0.3504787501575049,0.435114521011217,1.0
pred,asymmetric,"{""direction"": ""narrow_to_broad""}",WL+Obs [pred],0.29215686274509806,0.06646142033560101,0.4241527136519877,0.3736416292457875,0.4594594594594595
pred,asymmetric,"{""direction"": ""narrow_to_broad""}",Zero imputation [pred],0.27837837837837837,0.029439507429362886,0.21928616257460057,0.3263361147455383,1.0
pred,dataset_style,"{""style"": ""kidney_only""}",Gower [pred],0.2923076923076923,0.05567971068273839,0.29772810457619364,0.3653705326453049,0.8198198198198198
pred,dataset_style,"{""style"": ""kidney_only""}",Masked cosine [pred],0.29120879120879123,0.056265185711221306,0.3095169704683333,0.352716363691282,0.8198198198198198
pred,dataset_style,"{""style"": ""kidney_only""}",Mean imputation [pred],0.27837837837837837,0.04348483888411367,0.25862673590097474,0.35171309735842793,1.0
pred,dataset_style,"{""style"": ""kidney_only""}",Missingness indicators [pred],0.23873873873873874,0.024824733799680216,0.25076205317705635,0.29730346955224213,1.0
pred,dataset_style,"{""style"": ""kidney_only""}",OAKG-lexicographic [pred],0.011320754716981131,0.002361269932024649,0.005728897999321342,0.013336355408660934,0.05405405405405406
pred,dataset_style,"{""style"": ""kidney_only""}",OAKG-product [pred],0.011320754716981131,0.002361269932024649,0.005728897999321342,0.013336355408660934,0.05405405405405406
pred,dataset_style,"{""style"": ""kidney_only""}",OAKG-similarity [pred],0.011320754716981131,0.002361269932024649,0.005728897999321342,0.013336355408660934,0.05405405405405406
pred,dataset_style,"{""style"": ""kidney_only""}",OAKG-threshold [pred],0.011320754716981131,0.002361269932024649,0.005728897999321342,0.013336355408660934,0.05405405405405406
pred,dataset_style,"{""style"": ""kidney_only""}",WL [pred],0.37207207207207205,0.04612492284674502,0.274049654292316,0.42651515345824753,1.0
pred,dataset_style,"{""style"": ""kidney_only""}",WL+Obs [pred],0.27692307692307694,0.07997300620323299,0.3716994137253588,0.36080091328495695,0.23423423423423423
pred,dataset_style,"{""style"": ""kidney_only""}",Zero imputation [pred],0.23963963963963966,0.024251691529965043,0.2508210474841297,0.2852874966162767,1.0
pred,dataset_style,"{""style"": ""liver_only""}",Gower [pred],0.30329670329670333,0.051815617744490124,0.31398759271442644,0.3733182786921482,0.8198198198198198
pred,dataset_style,"{""style"": ""liver_only""}",Masked cosine [pred],0.29120879120879123,0.04635511869277342,0.3052700203212366,0.3479208812023072,0.8198198198198198
pred,dataset_style,"{""style"": ""liver_only""}",Mean imputation [pred],0.29189189189189185,0.0438662677240185,0.2554537273119162,0.36881156350809485,1.0
pred,dataset_style,"{""style"": ""liver_only""}",Missingness indicators [pred],0.27207207207207207,0.027757495570919916,0.2679037558628841,0.3347167077888154,1.0
pred,dataset_style,"{""style"": ""liver_only""}",OAKG-lexicographic [pred],0.09819819819819821,0.018293070023067622,0.09851089474412358,0.11664301098385878,0.27927927927927926
pred,dataset_style,"{""style"": ""liver_only""}",OAKG-product [pred],0.09819819819819821,0.018293070023067622,0.09851089474412358,0.11664301098385878,0.27927927927927926
pred,dataset_style,"{""style"": ""liver_only""}",OAKG-similarity [pred],0.09819819819819821,0.018293070023067622,0.09851089474412358,0.11664301098385878,0.27927927927927926
pred,dataset_style,"{""style"": ""liver_only""}",OAKG-threshold [pred],0.09819819819819821,0.018293070023067622,0.09851089474412358,0.11664301098385878,0.27927927927927926
pred,dataset_style,"{""style"": ""liver_only""}",WL [pred],0.41621621621621624,0.05085153926791466,0.360978046015501,0.46839369693222344,1.0
pred,dataset_style,"{""style"": ""liver_only""}",WL+Obs [pred],0.2803921568627451,0.06307559521064547,0.42589267629785293,0.3553672523181027,0.4594594594594595
pred,dataset_style,"{""style"": ""liver_only""}",Zero imputation [pred],0.2684684684684685,0.026945465761187917,0.26135495431217964,0.317662053872629,1.0
pred,dataset_style,"{""style"": ""multi_organ""}",Gower [pred],0.17032967032967034,0.024489657095346094,0.21740689260194215,0.19987401318220907,0.8198198198198198
pred,dataset_style,"{""style"": ""multi_organ""}",Masked cosine [pred],0.0967032967032967,0.012988503245056791,0.2246965425271177,0.10968339860778235,0.8198198198198198
pred,dataset_style,"{""style"": ""multi_organ""}",Mean imputation [pred],0.33693693693693694,0.04996479418178572,0.2641020993205338,0.40378133564665575,1.0
pred,dataset_style,"{""style"": ""multi_organ""}",Missingness indicators [pred],0.29459459459459464,0.0355020498745202,0.3210368198049722,0.34822059539328376,1.0
pred,dataset_style,"{""style"": ""multi_organ""}",OAKG-lexicographic [pred],0.2747747747747748,0.031309132380841743,0.29741375480228743,0.32718582263515406,0.8198198198198198
pred,dataset_style,"{""style"": ""multi_organ""}",OAKG-product [pred],0.2747747747747748,0.031309132380841743,0.29741375480228743,0.32718582263515406,0.8198198198198198
pred,dataset_style,"{""style"": ""multi_organ""}",OAKG-similarity [pred],0.25405405405405407,0.02868424805501656,0.2876999336544399,0.2963087178572977,0.8198198198198198
pred,dataset_style,"{""style"": ""multi_organ""}",OAKG-threshold [pred],0.2747747747747748,0.031309132380841743,0.29741375480228743,0.32718582263515406,0.8198198198198198
pred,dataset_style,"{""style"": ""multi_organ""}",WL [pred],0.4189189189189189,0.05164025526889481,0.34820849320573855,0.4722080205446013,1.0
pred,dataset_style,"{""style"": ""multi_organ""}",WL+Obs [pred],0.4189189189189189,0.05164025526889481,0.34959457771218105,0.4722080205446013,1.0
pred,dataset_style,"{""style"": ""multi_organ""}",Zero imputation [pred],0.2936936936936937,0.03524177891754861,0.3176034671544281,0.33428159594449003,1.0
pred,dataset_style,"{""style"": ""pancreas_only""}",Gower [pred],0.16043956043956042,0.023702587242896686,0.20223389917096896,0.19196607063218746,0.8198198198198198
pred,dataset_style,"{""style"": ""pancreas_only""}",Masked cosine [pred],0.0978021978021978,0.01359624468210933,0.22853249312616866,0.11081532705619265,0.8198198198198198
pred,dataset_style,"{""style"": ""pancreas_only""}",Mean imputation [pred],0.31171171171171175,0.04772228981605737,0.26134722674861044,0.37661663772952486,1.0
pred,dataset_style,"{""style"": ""pancreas_only""}",Missingness indicators [pred],0.3009009009009009,0.03722481279198058,0.3153146275845646,0.35236175096981665,1.0
pred,dataset_style,"{""style"": ""pancreas_only""}",OAKG-lexicographic [pred],0.17547169811320756,0.012911495764530824,0.19511750770906838,0.19454129109626309,0.5945945945945946
pred,dataset_style,"{""style"": ""pancreas_only""}",OAKG-product [pred],0.17547169811320756,0.012911495764530824,0.19511750770906838,0.19454129109626309,0.5945945945945946
pred,dataset_style,"{""style"": ""pancreas_only""}",OAKG-similarity [pred],0.17547169811320756,0.012911495764530824,0.19511750770906838,0.19454129109626309,0.5945945945945946
pred,dataset_style,"{""style"": ""pancreas_only""}",OAKG-threshold [pred],0.17547169811320756,0.012911495764530824,0.19511750770906838,0.19454129109626309,0.5945945945945946
pred,dataset_style,"{""style"": ""pancreas_only""}",WL [pred],0.41621621621621624,0.05080661563808537,0.3289596406994523,0.4698028110861515,1.0
pred,dataset_style,"{""style"": ""pancreas_only""}",WL+Obs [pred],0.45465116279069767,0.05306188417710948,0.3276142067230484,0.5047116966017263,0.7747747747747747
pred,dataset_style,"{""style"": ""pancreas_only""}",Zero imputation [pred],0.2990990990990991,0.035626825221093235,0.312617064730403,0.33870864538874274,1.0
pred,random,"{""missing_fraction"": 0.2}",Gower [pred],0.17142857142857143,0.02578164675942878,0.21823340595340482,0.20083768861109297,0.8198198198198198
pred,random,"{""missing_fraction"": 0.2}",Masked cosine [pred],0.0989010989010989,0.013118794132936885,0.22866551185320858,0.11246078256887675,0.8198198198198198
pred,random,"{""missing_fraction"": 0.2}",Mean imputation [pred],0.33693693693693694,0.049768253301282574,0.2658515897188365,0.40175188938009976,1.0
pred,random,"{""missing_fraction"": 0.2}",Missingness indicators [pred],0.2954954954954955,0.0355020498745202,0.321167159187262,0.349165495784723,1.0
pred,random,"{""missing_fraction"": 0.2}",OAKG-lexicographic [pred],0.2756756756756757,0.03148065896746267,0.29784810919500815,0.3302062273380748,0.8198198198198198
pred,random,"{""missing_fraction"": 0.2}",OAKG-product [pred],0.2756756756756757,0.03148065896746267,0.29784810919500815,0.3302062273380748,0.8198198198198198
pred,random,"{""missing_fraction"": 0.2}",OAKG-similarity [pred],0.25585585585585585,0.028914481657891674,0.28842618200974157,0.2979369228810941,0.8198198198198198
pred,random,"{""missing_fraction"": 0.2}",OAKG-threshold [pred],0.25585585585585585,0.028914481657891674,0.28842618200974157,0.2979369228810941,0.8198198198198198
pred,random,"{""missing_fraction"": 0.2}",WL [pred],0.3864864864864865,0.04743476772456349,0.35126346274984477,0.43522022849932773,1.0
pred,random,"{""missing_fraction"": 0.2}",WL+Obs [pred],0.3864864864864865,0.04743476772456349,0.3532672517431554,0.43522022849932773,1.0
pred,random,"{""missing_fraction"": 0.2}",Zero imputation [pred],0.29459459459459464,0.03524177891754861,0.317733806536718,0.3352264963359293,1.0
pred,random,"{""missing_fraction"": 0.4}",Gower [pred],0.18241758241758244,0.03831545789966633,0.226720338750287,0.2179103574393709,0.8198198198198198
pred,random,"{""missing_fraction"": 0.4}",Masked cosine [pred],0.12967032967032968,0.0275657219157525,0.24881404128999052,0.1498405521423364,0.8198198198198198
pred,random,"{""missing_fraction"": 0.4}",Mean imputation [pred],0.33783783783783783,0.05013019481888446,0.2692134087821327,0.40435517999458137,1.0
pred,random,"{""missing_fraction"": 0.4}",Missingness indicators [pred],0.2990990990990991,0.03649572113494487,0.32105543673198345,0.3521947610241318,1.0
pred,random,"{""missing_fraction"": 0.4}",OAKG-lexicographic [pred],0.2756756756756757,0.03162190591661462,0.29746161853693265,0.32951017360058804,0.8198198198198198
pred,random,"{""missing_fraction"": 0.4}",OAKG-product [pred],0.2756756756756757,0.03162190591661462,0.29746161853693265,0.32951017360058804,0.8198198198198198
pred,random,"{""missing_fraction"": 0.4}",OAKG-similarity [pred],0.26576576576576577,0.030440353584706994,0.29198931559009855,0.31334295790637956,0.8198198198198198
pred,random,"{""missing_fraction"": 0.4}",OAKG-threshold [pred],0.26216216216216215,0.029513803719477885,0.2914014130150506,0.31018842598928886,0.8198198198198198
pred,random,"{""missing_fraction"": 0.4}",WL [pred],0.4189189189189189,0.05130945399469731,0.3522660249213232,0.4730593672803151,1.0
pred,random,"{""missing_fraction"": 0.4}",WL+Obs [pred],0.4189189189189189,0.05130945399469731,0.35434977608926943,0.4730593672803151,1.0
pred,random,"{""missing_fraction"": 0.4}",Zero imputation [pred],0.2981981981981982,0.036235450177973284,0.31762208408143944,0.33825576157533804,1.0
pred,random,"{""missing_fraction"": 0.6}",Gower [pred],0.1857142857142857,0.040115014931781504,0.2328255620446744,0.22347232888113303,0.8198198198198198
pred,random,"{""missing_fraction"": 0.6}",Masked cosine [pred],0.19230769230769232,0.037823257349868536,0.2631454002769799,0.20578957304925538,0.8198198198198198
pred,random,"{""missing_fraction"": 0.6}",Mean imputation [pred],0.33963963963963967,0.05004238954239995,0.26681012042689906,0.40435323001977647,1.0
pred,random,"{""missing_fraction"": 0.6}",Missingness indicators [pred],0.29639639639639637,0.036036378584678445,0.32031821296274327,0.3479130574708536,1.0
pred,random,"{""missing_fraction"": 0.6}",OAKG-lexicographic [pred],0.26936936936936934,0.02998950075460634,0.29620525948857984,0.32141406288491975,0.8198198198198198
pred,random,"{""missing_fraction"": 0.6}",OAKG-product [pred],0.27207207207207207,0.030579123396115775,0.29667253979038566,0.3249973536206819,0.8198198198198198
pred,random,"{""missing_fraction"": 0.6}",OAKG-similarity [pred],0.26936936936936934,0.03057755683650514,0.2943959914007481,0.3192398181855798,0.8198198198198198
pred,random,"{""missing_fraction"": 0.6}",OAKG-threshold [pred],0.26936936936936934,0.03057755683650514,0.2943959914007481,0.3192398181855798,0.8198198198198198
pred,random,"{""missing_fraction"": 0.6}",WL [pred],0.418018018018018,0.051134180413975105,0.3526125122617442,0.474114737401706,1.0
pred,random,"{""missing_fraction"": 0.6}",WL+Obs [pred],0.4297297297297298,0.06363152438638117,0.35599055832617105,0.4804787661058527,1.0
pred,random,"{""missing_fraction"": 0.6}",Zero imputation [pred],0.2954954954954955,0.03577610762770685,0.3168848603121992,0.33397405802205987,1.0
pred,random,"{""missing_fraction"": 0.8}",Gower [pred],0.19084249084249086,0.07308544045736813,0.2571578130014491,0.2495294246586654,0.8198198198198198
pred,random,"{""missing_fraction"": 0.8}",Masked cosine [pred],0.24688644688644687,0.07247286239873692,0.3011790657975669,0.29044036463369954,0.8198198198198198
pred,random,"{""missing_fraction"": 0.8}",Mean imputation [pred],0.34684684684684686,0.05255685609437717,0.27293286105372633,0.4122896305573145,1.0
pred,random,"{""missing_fraction"": 0.8}",Missingness indicators [pred],0.29099099099099096,0.034778393726335746,0.3197075933367687,0.34565560214212643,1.0
pred,random,"{""missing_fraction"": 0.8}",OAKG-lexicographic [pred],0.2684684684684685,0.03041304877110663,0.2958522397815165,0.3235923456847429,0.8198198198198198
pred,random,"{""missing_fraction"": 0.8}",OAKG-product [pred],0.2684684684684685,0.03041304877110663,0.2958522397815165,0.3235923456847429,0.8198198198198198
pred,random,"{""missing_fraction"": 0.8}",OAKG-similarity [pred],0.2684684684684685,0.03041304877110663,0.2958522397815165,0.3235923456847429,0.8198198198198198
pred,random,"{""missing_fraction"": 0.8}",OAKG-threshold [pred],0.2684684684684685,0.03041304877110663,0.2958522397815165,0.3235923456847429,0.8198198198198198
pred,random,"{""missing_fraction"": 0.8}",WL [pred],0.436036036036036,0.05427760269497061,0.3639560640772838,0.4842737192167758,1.0
pred,random,"{""missing_fraction"": 0.8}",WL+Obs [pred],0.4522522522522523,0.1678246238411814,0.3625736886714495,0.5083562994866642,1.0
pred,random,"{""missing_fraction"": 0.8}",Zero imputation [pred],0.2900900900900901,0.034518122769364154,0.31622616047952096,0.33171660269333275,1.0
pred,uniform,"{""retained_organs"": [""left_kidney"", ""liver"", ""pancreas"", ""right_kidney"", ""spleen""]}",Gower [pred],0.17032967032967034,0.024489657095346094,0.21740689260194215,0.19987401318220907,0.8198198198198198
pred,uniform,"{""retained_organs"": [""left_kidney"", ""liver"", ""pancreas"", ""right_kidney"", ""spleen""]}",Masked cosine [pred],0.0967032967032967,0.012988503245056791,0.2246965425271177,0.10968339860778235,0.8198198198198198
pred,uniform,"{""retained_organs"": [""left_kidney"", ""liver"", ""pancreas"", ""right_kidney"", ""spleen""]}",Mean imputation [pred],0.33693693693693694,0.04996479418178572,0.2641020993205338,0.40378133564665575,1.0
pred,uniform,"{""retained_organs"": [""left_kidney"", ""liver"", ""pancreas"", ""right_kidney"", ""spleen""]}",Missingness indicators [pred],0.29459459459459464,0.0355020498745202,0.3210368198049722,0.34822059539328376,1.0
pred,uniform,"{""retained_organs"": [""left_kidney"", ""liver"", ""pancreas"", ""right_kidney"", ""spleen""]}",OAKG-lexicographic [pred],0.2747747747747748,0.031309132380841743,0.29741375480228743,0.32718582263515406,0.8198198198198198
pred,uniform,"{""retained_organs"": [""left_kidney"", ""liver"", ""pancreas"", ""right_kidney"", ""spleen""]}",OAKG-product [pred],0.2747747747747748,0.031309132380841743,0.29741375480228743,0.32718582263515406,0.8198198198198198
pred,uniform,"{""retained_organs"": [""left_kidney"", ""liver"", ""pancreas"", ""right_kidney"", ""spleen""]}",OAKG-similarity [pred],0.25405405405405407,0.02868424805501656,0.2876999336544399,0.2963087178572977,0.8198198198198198
pred,uniform,"{""retained_organs"": [""left_kidney"", ""liver"", ""pancreas"", ""right_kidney"", ""spleen""]}",OAKG-threshold [pred],0.2747747747747748,0.031309132380841743,0.29741375480228743,0.32718582263515406,0.8198198198198198
pred,uniform,"{""retained_organs"": [""left_kidney"", ""liver"", ""pancreas"", ""right_kidney"", ""spleen""]}",WL [pred],0.4189189189189189,0.05164025526889481,0.34820849320573855,0.4722080205446013,1.0
pred,uniform,"{""retained_organs"": [""left_kidney"", ""liver"", ""pancreas"", ""right_kidney"", ""spleen""]}",WL+Obs [pred],0.4189189189189189,0.05164025526889481,0.34959457771218105,0.4722080205446013,1.0
pred,uniform,"{""retained_organs"": [""left_kidney"", ""liver"", ""pancreas"", ""right_kidney"", ""spleen""]}",Zero imputation [pred],0.2936936936936937,0.03524177891754861,0.3176034671544281,0.33428159594449003,1.0
ref,asymmetric,"{""direction"": ""broad_to_narrow""}",Gower [ref],0.24324324324324326,0.032772558059005544,0.26080926837460283,0.31433475814195133,1.0
ref,asymmetric,"{""direction"": ""broad_to_narrow""}",Masked cosine [ref],0.11621621621621622,0.024754842830160377,0.2434408542328763,0.16871040095083734,1.0
ref,asymmetric,"{""direction"": ""broad_to_narrow""}",Mean imputation [ref],0.327027027027027,0.048554172723976136,0.31872604844903557,0.3790310911866759,1.0
ref,asymmetric,"{""direction"": ""broad_to_narrow""}",Missingness indicators [ref],0.36486486486486486,0.05258167341249555,0.3689805203138385,0.43842335667814947,1.0
ref,asymmetric,"{""direction"": ""broad_to_narrow""}",OAKG-lexicographic [ref],0.2981981981981982,0.040281072106176874,0.2691187362880931,0.37428348475907636,1.0
ref,asymmetric,"{""direction"": ""broad_to_narrow""}",OAKG-product [ref],0.2981981981981982,0.040281072106176874,0.2691187362880931,0.37428348475907636,1.0
ref,asymmetric,"{""direction"": ""broad_to_narrow""}",OAKG-similarity [ref],0.263963963963964,0.03606486614539152,0.2509074130459356,0.3295977220359002,1.0
ref,asymmetric,"{""direction"": ""broad_to_narrow""}",OAKG-threshold [ref],0.2981981981981982,0.040281072106176874,0.23701227336447692,0.37428348475907636,1.0
ref,asymmetric,"{""direction"": ""broad_to_narrow""}",WL [ref],0.3279279279279279,0.03722917942625479,0.36043271827243506,0.40456270038133024,1.0
ref,asymmetric,"{""direction"": ""broad_to_narrow""}",WL+Obs [ref],0.3279279279279279,0.11808263133363935,0.47342764258606457,0.5123766633010274,1.0
ref,asymmetric,"{""direction"": ""broad_to_narrow""}",Zero imputation [ref],0.36396396396396397,0.05115132997288924,0.3670802580489627,0.4375399319068551,1.0
ref,asymmetric,"{""direction"": ""narrow_to_broad""}",Gower [ref],0.27207207207207207,0.0385774473594438,0.29645685638936303,0.34711910916932887,1.0
ref,asymmetric,"{""direction"": ""narrow_to_broad""}",Masked cosine [ref],0.24414414414414415,0.03439126953360948,0.3077251942870805,0.3196305464982856,1.0
ref,asymmetric,"{""direction"": ""narrow_to_broad""}",Mean imputation [ref],0.327027027027027,0.06307631959655394,0.30730992541495344,0.38944761469069705,1.0
ref,asymmetric,"{""direction"": ""narrow_to_broad""}",Missingness indicators [ref],0.35495495495495494,0.049788176557577134,0.32914022475194904,0.43252769056179946,1.0
ref,asymmetric,"{""direction"": ""narrow_to_broad""}",OAKG-lexicographic [ref],0.11171171171171171,0.02635186046900929,0.1185604295963312,0.15169567350957022,0.4594594594594595
ref,asymmetric,"{""direction"": ""narrow_to_broad""}",OAKG-product [ref],0.11171171171171171,0.02635186046900929,0.1185604295963312,0.15169567350957022,0.4594594594594595
ref,asymmetric,"{""direction"": ""narrow_to_broad""}",OAKG-similarity [ref],0.12882882882882885,0.029541351392272916,0.15147354616461398,0.17087979804690145,0.4594594594594595
ref,asymmetric,"{""direction"": ""narrow_to_broad""}",OAKG-threshold [ref],0.11171171171171171,0.02635186046900929,0.11082271199271836,0.15169567350957022,0.4594594594594595
ref,asymmetric,"{""direction"": ""narrow_to_broad""}",WL [ref],0.327027027027027,0.036671134687218,0.3103852198649153,0.4073013140048486,1.0
ref,asymmetric,"{""direction"": ""narrow_to_broad""}",WL+Obs [ref],0.2196078431372549,0.04445208904021085,0.3223258395803376,0.30776397149079693,0.4594594594594595
ref,asymmetric,"{""direction"": ""narrow_to_broad""}",Zero imputation [ref],0.35405405405405405,0.048408267158799805,0.32833799693788857,0.42975310329950767,1.0
ref,dataset_style,"{""style"": ""kidney_only""}",Gower [ref],0.3036036036036036,0.04689485675443475,0.320274708553223,0.37978503768756283,1.0
ref,dataset_style,"{""style"": ""kidney_only""}",Masked cosine [ref],0.3207207207207207,0.05116337043639227,0.3276002630377819,0.359932804400392,1.0
ref,dataset_style,"{""style"": ""kidney_only""}",Mean imputation [ref],0.26306306306306304,0.03992623325619549,0.23824599574548688,0.3443665429556083,1.0
ref,dataset_style,"{""style"": ""kidney_only""}",Missingness indicators [ref],0.31261261261261264,0.048272608979064255,0.3214974888982403,0.3821934890485737,1.0
ref,dataset_style,"{""style"": ""kidney_only""}",OAKG-lexicographic [ref],0.08018867924528301,0.023789838435155364,0.09284553407614404,0.0867232738343073,0.23423423423423423
ref,dataset_style,"{""style"": ""kidney_only""}",OAKG-product [ref],0.08018867924528301,0.023789838435155364,0.09284553407614404,0.0867232738343073,0.23423423423423423
ref,dataset_style,"{""style"": ""kidney_only""}",OAKG-similarity [ref],0.08018867924528301,0.023789838435155364,0.09284553407614404,0.0867232738343073,0.23423423423423423
ref,dataset_style,"{""style"": ""kidney_only""}",OAKG-threshold [ref],0.08018867924528301,0.023789838435155364,0.09284553407614404,0.0867232738343073,0.23423423423423423
ref,dataset_style,"{""style"": ""kidney_only""}",WL [ref],0.38288288288288286,0.04924071499943225,0.27260368393304685,0.43667632627216474,1.0
ref,dataset_style,"{""style"": ""kidney_only""}",WL+Obs [ref],0.30000000000000004,0.08684988570942286,0.3331999285364946,0.3118041352055317,0.23423423423423423
ref,dataset_style,"{""style"": ""kidney_only""}",Zero imputation [ref],0.3153153153153153,0.04949471886939977,0.32228781826188097,0.3574859893659852,1.0
ref,dataset_style,"{""style"": ""liver_only""}",Gower [ref],0.27207207207207207,0.0385774473594438,0.29645685638936303,0.34711910916932887,1.0
ref,dataset_style,"{""style"": ""liver_only""}",Masked cosine [ref],0.24414414414414415,0.03439126953360948,0.3077251942870805,0.3196305464982856,1.0
ref,dataset_style,"{""style"": ""liver_only""}",Mean imputation [ref],0.3207207207207207,0.044971347610246716,0.3364513681402161,0.3843505779961615,1.0
ref,dataset_style,"{""style"": ""liver_only""}",Missingness indicators [ref],0.34774774774774775,0.05153982945384081,0.39786851694248576,0.4248497512111613,1.0
ref,dataset_style,"{""style"": ""liver_only""}",OAKG-lexicographic [ref],0.12882882882882885,0.029541351392272916,0.15147354616461398,0.17087979804690145,0.4594594594594595
ref,dataset_style,"{""style"": ""liver_only""}",OAKG-product [ref],0.12882882882882885,0.029541351392272916,0.15147354616461398,0.17087979804690145,0.4594594594594595
ref,dataset_style,"{""style"": ""liver_only""}",OAKG-similarity [ref],0.12882882882882885,0.029541351392272916,0.15147354616461398,0.17087979804690145,0.4594594594594595
ref,dataset_style,"{""style"": ""liver_only""}",OAKG-threshold [ref],0.12882882882882885,0.029541351392272916,0.15147354616461398,0.17087979804690145,0.4594594594594595
ref,dataset_style,"{""style"": ""liver_only""}",WL [ref],0.427027027027027,0.055136466894650155,0.3614606438655062,0.47880139365551555,1.0
ref,dataset_style,"{""style"": ""liver_only""}",WL+Obs [ref],0.30392156862745096,0.07318697898207421,0.4113645488327875,0.3749719441741087,0.4594594594594595
ref,dataset_style,"{""style"": ""liver_only""}",Zero imputation [ref],0.3441441441441442,0.04964966170145278,0.39736897239176916,0.42134886978264885,1.0
ref,dataset_style,"{""style"": ""multi_organ""}",Gower [ref],0.0990990990990991,0.010640945669353568,0.1639708518082776,0.13154840847330096,1.0
ref,dataset_style,"{""style"": ""multi_organ""}",Masked cosine [ref],0.006306306306306307,0.0005174856589950929,0.12845532677828142,0.046881407277794766,1.0
ref,dataset_style,"{""style"": ""multi_organ""}",Mean imputation [ref],0.34684684684684686,0.061495720996305854,0.31241438600470794,0.4035090381904089,1.0
ref,dataset_style,"{""style"": ""multi_organ""}",Missingness indicators [ref],0.37297297297297294,0.060597615719928645,0.3861201084077619,0.4419278052332964,1.0
ref,dataset_style,"{""style"": ""multi_organ""}",OAKG-lexicographic [ref],0.3234234234234234,0.050859801997123845,0.3762542871185563,0.39908708355135625,1.0
ref,dataset_style,"{""style"": ""multi_organ""}",OAKG-product [ref],0.3234234234234234,0.050859801997123845,0.3762542871185563,0.39908708355135625,1.0
ref,dataset_style,"{""style"": ""multi_organ""}",OAKG-similarity [ref],0.19279279279279277,0.018995459016605938,0.26196800528127256,0.24014166837865938,1.0
ref,dataset_style,"{""style"": ""multi_organ""}",OAKG-threshold [ref],0.3234234234234234,0.050859801997123845,0.3762542871185563,0.39908708355135625,1.0
ref,dataset_style,"{""style"": ""multi_organ""}",WL [ref],0.42252252252252254,0.054286969787588076,0.36360574568426507,0.4952385258751069,1.0
ref,dataset_style,"{""style"": ""multi_organ""}",WL+Obs [ref],0.42252252252252254,0.054286969787588076,0.36360574568426507,0.4952385258751069,1.0
ref,dataset_style,"{""style"": ""multi_organ""}",Zero imputation [ref],0.3738738738738739,0.0546072413648585,0.3830060716586871,0.439501228251287,1.0
ref,dataset_style,"{""style"": ""pancreas_only""}",Gower [ref],0.14054054054054055,0.021840001324253653,0.1804216914854522,0.17450058582930444,1.0
ref,dataset_style,"{""style"": ""pancreas_only""}",Masked cosine [ref],0.07747747747747748,0.015566285918801761,0.162150599273639,0.08905843446944156,1.0
ref,dataset_style,"{""style"": ""pancreas_only""}",Mean imputation [ref],0.23513513513513515,0.04087283289852576,0.20523927641853193,0.3118407693064553,1.0
ref,dataset_style,"{""style"": ""pancreas_only""}",Missingness indicators [ref],0.35765765765765767,0.0561475054097824,0.3821789520317385,0.42411351907164374,1.0
ref,dataset_style,"{""style"": ""pancreas_only""}",OAKG-lexicographic [ref],0.15754716981132075,0.016125592319397523,0.19592283384600107,0.16627139300383473,0.7747747747747747
ref,dataset_style,"{""style"": ""pancreas_only""}",OAKG-product [ref],0.15754716981132075,0.016125592319397523,0.19592283384600107,0.16627139300383473,0.7747747747747747
ref,dataset_style,"{""style"": ""pancreas_only""}",OAKG-similarity [ref],0.15754716981132075,0.016125592319397523,0.19592283384600107,0.16627139300383473,0.7747747747747747
ref,dataset_style,"{""style"": ""pancreas_only""}",OAKG-threshold [ref],0.15754716981132075,0.016125592319397523,0.19592283384600107,0.16627139300383473,0.7747747747747747
ref,dataset_style,"{""style"": ""pancreas_only""}",WL [ref],0.4198198198198198,0.05372236143996086,0.3398947560128003,0.4733076800501071,1.0
ref,dataset_style,"{""style"": ""pancreas_only""}",WL+Obs [ref],0.4616279069767442,0.055069319605842985,0.33655513897287465,0.48980809325186536,0.7747747747747747
ref,dataset_style,"{""style"": ""pancreas_only""}",Zero imputation [ref],0.3621621621621622,0.051896875065426944,0.381736157109968,0.3972687925834899,1.0
ref,random,"{""missing_fraction"": 0.2}",Gower [ref],0.11171171171171171,0.013890744287564679,0.17486473308792588,0.14636985285485707,1.0
ref,random,"{""missing_fraction"": 0.2}",Masked cosine [ref],0.007207207207207207,0.0005981178150989471,0.14275417041097,0.04894145750950592,1.0
ref,random,"{""missing_fraction"": 0.2}",Mean imputation [ref],0.336036036036036,0.05765020528202619,0.2951769755788751,0.39066705649988553,1.0
ref,random,"{""missing_fraction"": 0.2}",Missingness indicators [ref],0.3738738738738739,0.060775476766516144,0.37140105500137943,0.43913851477951327,1.0
ref,random,"{""missing_fraction"": 0.2}",OAKG-lexicographic [ref],0.3333333333333333,0.052377994975691296,0.37725457672833124,0.41085877985460767,1.0
ref,random,"{""missing_fraction"": 0.2}",OAKG-product [ref],0.3333333333333333,0.052377994975691296,0.37725457672833124,0.41085877985460767,1.0
ref,random,"{""missing_fraction"": 0.2}",OAKG-similarity [ref],0.209009009009009,0.022686439443923383,0.2761614975002447,0.26163094800088305,1.0
ref,random,"{""missing_fraction"": 0.2}",OAKG-threshold [ref],0.209009009009009,0.022686439443923383,0.2761614975002447,0.26163094800088305,1.0
ref,random,"{""missing_fraction"": 0.2}",WL [ref],0.4297297297297298,0.05666521321302812,0.3620470495699795,0.4829429597223354,1.0
ref,random,"{""missing_fraction"": 0.2}",WL+Obs [ref],0.4297297297297298,0.05666521321302812,0.3620470495699795,0.4829429597223354,1.0
ref,random,"{""missing_fraction"": 0.2}",Zero imputation [ref],0.3747747747747748,0.054785102411446,0.3682258969332974,0.43665117339513504,1.0
ref,random,"{""missing_fraction"": 0.4}",Gower [ref],0.13693693693693693,0.021890107720269714,0.19055344967453164,0.175256879494402,1.0
ref,random,"{""missing_fraction"": 0.4}",Masked cosine [ref],0.036036036036036036,0.008401977047094484,0.1693916449344399,0.0810826768098241,1.0
ref,random,"{""missing_fraction"": 0.4}",Mean imputation [ref],0.3009009009009009,0.047893310831631376,0.28249803047937977,0.3561737724007998,1.0
ref,random,"{""missing_fraction"": 0.4}",Missingness indicators [ref],0.37657657657657656,0.06148087408699721,0.35346293147527036,0.44668429108598673,1.0
ref,random,"{""missing_fraction"": 0.4}",OAKG-lexicographic [ref],0.3405405405405405,0.05552263041896323,0.37072740355911,0.4126985509437334,1.0
ref,random,"{""missing_fraction"": 0.4}",OAKG-product [ref],0.3405405405405405,0.05552263041896323,0.3700156526130611,0.4126985509437334,1.0
ref,random,"{""missing_fraction"": 0.4}",OAKG-similarity [ref],0.24144144144144145,0.03110754254653171,0.29573261820751306,0.30033806035741056,1.0
ref,random,"{""missing_fraction"": 0.4}",OAKG-threshold [ref],0.2333333333333333,0.028481704846145938,0.28834005166577037,0.29384902756395165,1.0
ref,random,"{""missing_fraction"": 0.4}",WL [ref],0.4036036036036036,0.055185870721629116,0.35734555489993935,0.4686365733744122,1.0
ref,random,"{""missing_fraction"": 0.4}",WL+Obs [ref],0.4036036036036036,0.055185870721629116,0.35734555489993935,0.4686365733744122,1.0
ref,random,"{""missing_fraction"": 0.4}",Zero imputation [ref],0.37747747747747745,0.055490499731927066,0.35017545998779304,0.4442577141039773,1.0
ref,random,"{""missing_fraction"": 0.6}",Gower [ref],0.16576576576576577,0.03708253524771426,0.2153737376489984,0.20621493327629378,1.0
ref,random,"{""missing_fraction"": 0.6}",Masked cosine [ref],0.07477477477477477,0.02766990265922997,0.22559467166523955,0.12155781700435479,1.0
ref,random,"{""missing_fraction"": 0.6}",Mean imputation [ref],0.3324324324324324,0.057251666577247645,0.2873488580501424,0.38815719484940103,1.0
ref,random,"{""missing_fraction"": 0.6}",Missingness indicators [ref],0.36756756756756753,0.05829362019758645,0.341326995772713,0.4372084736337852,1.0
ref,random,"{""missing_fraction"": 0.6}",OAKG-lexicographic [ref],0.3387387387387388,0.054794970489497885,0.330224622834335,0.41284042037943935,1.0
ref,random,"{""missing_fraction"": 0.6}",OAKG-product [ref],0.3387387387387388,0.054794970489497885,0.33022673781872414,0.41284042037943935,1.0
ref,random,"{""missing_fraction"": 0.6}",OAKG-similarity [ref],0.2765765765765766,0.040197368746794866,0.31536013300752785,0.3354127379478521,1.0
ref,random,"{""missing_fraction"": 0.6}",OAKG-threshold [ref],0.2765765765765766,0.040197368746794866,0.31536013300752785,0.3354127379478521,1.0
ref,random,"{""missing_fraction"": 0.6}",WL [ref],0.4135135135135135,0.05664267988852719,0.35511154409923146,0.46446539015498334,1.0
ref,random,"{""missing_fraction"": 0.6}",WL+Obs [ref],0.4135135135135135,0.06768688704637821,0.3673458509828968,0.46446539015498334,1.0
ref,random,"{""missing_fraction"": 0.6}",Zero imputation [ref],0.3684684684684685,0.0523032458425163,0.33797805343531884,0.4343224668799298,1.0
ref,random,"{""missing_fraction"": 0.8}",Gower [ref],0.18468468468468469,0.11612340142239501,0.25190655075984547,0.24882010037800903,1.0
ref,random,"{""missing_fraction"": 0.8}",Masked cosine [ref],0.0972972972972973,0.11063570031404753,0.2936906837593729,0.16836552893399181,1.0
ref,random,"{""missing_fraction"": 0.8}",Mean imputation [ref],0.2972972972972973,0.04583628287837551,0.2636209455197505,0.3569808212893564,1.0
ref,random,"{""missing_fraction"": 0.8}",Missingness indicators [ref],0.3711711711711712,0.06032913492497266,0.33094661805494535,0.4447310531793822,1.0
ref,random,"{""missing_fraction"": 0.8}",OAKG-lexicographic [ref],0.30720720720720723,0.04731398858547492,0.31072231900330405,0.37437832582112146,1.0
ref,random,"{""missing_fraction"": 0.8}",OAKG-product [ref],0.30720720720720723,0.04731398858547492,0.31072231900330405,0.37437832582112146,1.0
ref,random,"{""missing_fraction"": 0.8}",OAKG-similarity [ref],0.30720720720720723,0.04731398858547492,0.31072231900330405,0.37437832582112146,1.0
ref,random,"{""missing_fraction"": 0.8}",OAKG-threshold [ref],0.30720720720720723,0.04731398858547492,0.31072231900330405,0.37437832582112146,1.0
ref,random,"{""missing_fraction"": 0.8}",WL [ref],0.4261261261261261,0.055767705369097524,0.35252310143471693,0.4847498494761157,1.0
ref,random,"{""missing_fraction"": 0.8}",WL+Obs [ref],0.4261261261261261,0.15499340172338238,0.3640154308221868,0.5065612093446294,1.0
ref,random,"{""missing_fraction"": 0.8}",Zero imputation [ref],0.37207207207207205,0.054338760569902514,0.3273872158253355,0.4419276158735284,1.0
ref,uniform,"{""retained_organs"": [""left_kidney"", ""liver"", ""pancreas"", ""right_kidney"", ""spleen""]}",Gower [ref],0.0990990990990991,0.010640945669353568,0.1639708518082776,0.13154840847330096,1.0
ref,uniform,"{""retained_organs"": [""left_kidney"", ""liver"", ""pancreas"", ""right_kidney"", ""spleen""]}",Masked cosine [ref],0.006306306306306307,0.0005174856589950929,0.12845532677828142,0.046881407277794766,1.0
ref,uniform,"{""retained_organs"": [""left_kidney"", ""liver"", ""pancreas"", ""right_kidney"", ""spleen""]}",Mean imputation [ref],0.34684684684684686,0.061495720996305854,0.31241438600470794,0.4035090381904089,1.0
ref,uniform,"{""retained_organs"": [""left_kidney"", ""liver"", ""pancreas"", ""right_kidney"", ""spleen""]}",Missingness indicators [ref],0.37297297297297294,0.060597615719928645,0.3861201084077619,0.4419278052332964,1.0
ref,uniform,"{""retained_organs"": [""left_kidney"", ""liver"", ""pancreas"", ""right_kidney"", ""spleen""]}",OAKG-lexicographic [ref],0.3234234234234234,0.050859801997123845,0.3762542871185563,0.39908708355135625,1.0
ref,uniform,"{""retained_organs"": [""left_kidney"", ""liver"", ""pancreas"", ""right_kidney"", ""spleen""]}",OAKG-product [ref],0.3234234234234234,0.050859801997123845,0.3762542871185563,0.39908708355135625,1.0
ref,uniform,"{""retained_organs"": [""left_kidney"", ""liver"", ""pancreas"", ""right_kidney"", ""spleen""]}",OAKG-similarity [ref],0.19279279279279277,0.018995459016605938,0.26196800528127256,0.24014166837865938,1.0
ref,uniform,"{""retained_organs"": [""left_kidney"", ""liver"", ""pancreas"", ""right_kidney"", ""spleen""]}",OAKG-threshold [ref],0.3234234234234234,0.050859801997123845,0.3762542871185563,0.39908708355135625,1.0
ref,uniform,"{""retained_organs"": [""left_kidney"", ""liver"", ""pancreas"", ""right_kidney"", ""spleen""]}",WL [ref],0.42252252252252254,0.054286969787588076,0.36360574568426507,0.4952385258751069,1.0
ref,uniform,"{""retained_organs"": [""left_kidney"", ""liver"", ""pancreas"", ""right_kidney"", ""spleen""]}",WL+Obs [ref],0.42252252252252254,0.054286969787588076,0.36360574568426507,0.4952385258751069,1.0
ref,uniform,"{""retained_organs"": [""left_kidney"", ""liver"", ""pancreas"", ""right_kidney"", ""spleen""]}",Zero imputation [ref],0.3738738738738739,0.0546072413648585,0.3830060716586871,0.439501228251287,1.0
