Epoch,TrLoss,VaLoss,TrDice,VaDice,TrIoU,VaIoU,PctData,k
1,0.9971832633018494,0.9280169758854843,0.00552357779815793,0.10786206406972758,0.002769437385722995,0.0572383459203127,10.0,1.0
2,0.9861904978752136,0.7905857613900813,0.027123304083943367,0.2587550045331804,0.013748099096119404,0.15054493638255248,10.0,1.0
3,0.9501156210899353,0.7956997119798893,0.0717863067984581,0.2520155230673348,0.03722943738102913,0.1454546656005266,10.0,1.0
4,0.928020179271698,0.7845963552230741,0.09623059630393982,0.26900208268950626,0.05054740235209465,0.15738525323388053,10.0,1.0
5,0.954340934753418,0.7866372458818482,0.07383755594491959,0.26321907286963814,0.03833402320742607,0.15273714892384482,10.0,1.0
6,0.936601459980011,0.6519714281326388,0.07956600189208984,0.3621547260298962,0.04143126308917999,0.22475601142136062,10.0,1.0
7,0.7359439730644226,0.6054152621001732,0.27015557885169983,0.35556230830346663,0.15617334842681885,0.22106091232924927,10.0,1.0
8,0.611152708530426,0.6612030987332507,0.42748090624809265,0.29126341913531467,0.27184465527534485,0.17323130841662243,10.0,1.0
9,0.5363770723342896,0.6632938116061978,0.4425887167453766,0.29343142115124843,0.2841823101043701,0.1744105448355762,10.0,1.0
10,0.32034918665885925,0.7246163487434387,0.7096773982048035,0.23118773802388004,0.550000011920929,0.13232013219740332,10.0,1.0
11,0.5820238391558329,0.7703887965621018,0.3248186906178792,0.19655799783947991,0.19438079992930093,0.1105985342547661,22.106527488588164,0.5
12,0.5278782645861307,0.7452075648598555,0.39149028062820435,0.219648736006603,0.24795760214328766,0.1251143313853479,22.106527488588164,0.5
13,0.41896190245946247,0.693155545287016,0.5748329361279806,0.2656597939388054,0.4065967798233032,0.155017394890509,22.106527488588164,0.5
14,0.5118510238826275,0.5125731774946538,0.46314895153045654,0.43102185537175436,0.3074847385287285,0.28288717286252396,29.03929212137331,0.25
15,0.44428131729364395,0.4853195824274203,0.5502442941069603,0.4642710829289948,0.3844771273434162,0.3113704508215916,29.03929212137331,0.25
16,0.4415048584342003,0.4911480135307079,0.5515666920691729,0.45339778292833305,0.4007330387830734,0.2999903052227526,29.03929212137331,0.25
17,0.47398439422249794,0.49942538396614355,0.5017264075577259,0.4385746668388204,0.35013783164322376,0.28791660806391295,29.03929212137331,0.25
18,0.4895002022385597,0.4739691924031188,0.5154101252555847,0.47585135825523517,0.3601960316300392,0.3206687495112419,29.03929212137331,0.25
19,0.43172088265419006,0.4754601749705105,0.583189319819212,0.469054008220754,0.42129406705498695,0.3126476219877964,29.03929212137331,0.25
20,0.4265230931341648,0.47514337555664343,0.5156065672636032,0.468095567531702,0.3562186099588871,0.3120032861465361,29.03929212137331,0.25
21,0.4282105825841427,0.45029552535312933,0.5528401955962181,0.5140793850509132,0.3934163600206375,0.352533938681207,29.03929212137331,0.25
22,0.4492701329290867,0.5068121639693656,0.5657914690673351,0.4430865003931813,0.40650089271366596,0.290068787772481,29.03929212137331,0.25
23,0.39508613757789135,0.4703723999058328,0.6097193099558353,0.4901990336252422,0.4556603189557791,0.33117667203996237,29.03929212137331,0.25
24,0.4079531095921993,0.4849721651251723,0.5818468257784843,0.4777467834149919,0.43071896582841873,0.3210716081283441,29.03929212137331,0.25
25,0.42409453630447386,0.47462243150647093,0.5522520035505295,0.47853211113592475,0.39123684883117676,0.3231848961696392,31.387898169624528,0.125
26,0.4197900652885437,0.4233088626003847,0.5301266324520111,0.5527458318123003,0.3741509023308754,0.38945095986127853,31.387898169624528,0.125
27,0.40442875742912293,0.4237998196991479,0.5622218632698059,0.5691451397610874,0.40196787416934965,0.4036791708047797,31.387898169624528,0.125
28,0.38671609878540036,0.4144492465548399,0.5910687959194183,0.5642424741896187,0.4320586591959,0.3999919769604032,31.387898169624528,0.125
29,0.4066178011894226,0.42320108050253336,0.5629655659198761,0.5584354088073824,0.4022594845294952,0.39339829145408256,31.387898169624528,0.125
30,0.36946294486522674,0.4267753100976711,0.6117869532108307,0.569154572559566,0.4507106864452362,0.4049533487456601,31.387898169624528,0.125
31,0.36828038215637204,0.404334508246038,0.586687433719635,0.5867522420679651,0.4226485741138458,0.4224814183828307,31.387898169624528,0.125
32,0.3399427026510239,0.4012065836932601,0.605516836643219,0.5902697098691289,0.4407689821720123,0.42647325211181875,31.387898169624528,0.125
33,0.3647517895698547,0.4055740204526157,0.6055040478706359,0.5720158092132429,0.44655601799488065,0.4084828752206593,31.387898169624528,0.125
34,0.37082949161529544,0.4220869174090827,0.5976178276538849,0.5645845732310923,0.43514063715934753,0.4017891663967109,31.387898169624528,0.125
35,0.33402909576892853,0.4114853592544067,0.6423988735675812,0.5873906296200868,0.4848407858610153,0.42294372545509806,31.387898169624528,0.125
36,0.376716096970168,0.41979341208934784,0.6056349501013756,0.5719476403986535,0.4408248249780048,0.4066864693673646,32.72147766641118,0.0625
37,0.37541356547312305,0.3939455142471848,0.6105304035273466,0.5917300709137102,0.4457819837738167,0.4289297236175072,32.72147766641118,0.0625
38,0.3266032412648201,0.39785569869890447,0.6557493297891184,0.5852919846046262,0.49587674032558093,0.420597436587985,32.72147766641118,0.0625
39,0.34009402482347056,0.375412119052759,0.6414130905812437,0.6190457267732155,0.47923467037352646,0.45511017430846284,32.72147766641118,0.0625
40,0.3571970947086811,0.3958978394909603,0.6407029378143224,0.596067140742046,0.4781125634908676,0.43081786101911124,32.72147766641118,0.0625
41,0.3325225297700275,0.38491963304397536,0.650116274302656,0.6104972335260089,0.487260754135522,0.4475480511602832,32.72147766641118,0.0625
42,0.3191099955954335,0.3888175691046366,0.6768045777624304,0.5972859019913325,0.518118099055507,0.4355749109896218,32.72147766641118,0.0625
43,0.3376017782476641,0.40198266942326616,0.6489343734518174,0.59432778743709,0.48729031316695676,0.43171755624253577,34.79440467432058,0.03125
44,0.3379394895126743,0.3793240345832778,0.6522703564936115,0.6204991609584994,0.48990790209462565,0.45585766525530236,34.79440467432058,0.03125
45,0.3256975938716242,0.3779892080077311,0.6689774706479041,0.6278558169923177,0.5086070371250953,0.4639023333424475,34.79440467432058,0.03125
46,0.3300052642414015,0.38075906928719544,0.6648638713849734,0.6168875294487651,0.507270873001177,0.45366770247133764,36.88618200076499,0.015625
47,0.33567296274720804,0.37312726712808375,0.661639105375499,0.636992220834988,0.5031148548403831,0.47216161158753606,36.88618200076499,0.015625
48,0.34161302875982574,0.3555212309811173,0.6544170306153494,0.6408750182244836,0.49324819200659453,0.4764821820142793,36.88618200076499,0.015625
49,0.32806846968931697,0.3698444880726861,0.6702597978180402,0.6335231701775295,0.511387337968774,0.469643796362528,36.88618200076499,0.015625
50,0.3164209574460983,0.36929268535317444,0.6819712931979193,0.6345998556693879,0.5239277106441863,0.47184282014282736,36.88618200076499,0.015625
51,0.3234491568722137,0.34286566478450126,0.689820408412855,0.6604731544488813,0.5330314109586689,0.498398941282819,36.88618200076499,0.015625
52,0.31459002278438986,0.3603542828705253,0.6975195256814565,0.6517039715516858,0.5423452045819531,0.4882950154019565,36.88618200076499,0.015625
53,0.3130085592808789,0.37216952861082264,0.6955893892947942,0.6279681023301148,0.5400264806126895,0.4637236684197333,36.88618200076499,0.015625
54,0.29762484561907104,0.3595752359890356,0.7004927155906207,0.6460602290746642,0.5457964747735898,0.4840832914157612,36.88618200076499,0.015625
55,0.3047391765001344,0.3734661149905949,0.7022841085747975,0.6348967864746,0.5475054961152193,0.47128560357704397,38.62103462255265,0.0078125
56,0.3039744983359081,0.35708167731035045,0.7010847035704589,0.6569259959023174,0.5466564982766058,0.49538954765331455,38.62103462255265,0.0078125
57,0.29503190117638284,0.36187238046308845,0.7053551266833049,0.6502700106399816,0.5510309022374269,0.4884817240441718,38.62103462255265,0.0078125
58,0.2893473216417161,0.35064128095783836,0.7193373147059571,0.6566309332847595,0.5668262405828997,0.49420223657677814,40.0481308640334,0.00390625
59,0.2813001432540742,0.33901100823792013,0.7233426597985354,0.6685298761216606,0.5733654031699355,0.5085480318563741,40.0481308640334,0.00390625
60,0.27753621424463665,0.3533639595275972,0.7298131188885733,0.6537514209020429,0.5804028284143318,0.4921345118342376,40.0481308640334,0.00390625
61,0.27580831064419314,0.3377534409121769,0.7393083430149339,0.6689299799320174,0.5914314179257913,0.5082103615490402,40.0481308640334,0.00390625
62,0.2687111383473331,0.3669504585062585,0.7459404983303763,0.6484313349171382,0.5995022989809513,0.48617595652254614,40.0481308640334,0.00390625
63,0.2635220116512342,0.3562116366697521,0.7418289895762097,0.6545279534851632,0.5948268733918667,0.49353162526357464,40.0481308640334,0.00390625
64,0.28076083221557463,0.3342020726058541,0.7353682924400676,0.6847362594633568,0.5875478048216213,0.5254385311429094,40.0481308640334,0.00390625
65,0.26862169937653974,0.3395711443409687,0.7396788976409219,0.6792876356985511,0.5910841693932359,0.5212334603434656,40.0481308640334,0.00390625
66,0.2676937972957438,0.3425876605438023,0.7358627468347549,0.6656474242123162,0.5865289812738245,0.504688194430456,40.0481308640334,0.00390625
67,0.2551550480791114,0.3377116644164411,0.7480261488394304,0.6765691401754937,0.6019086529585448,0.5164038720654278,40.0481308640334,0.00390625
68,0.27332830947378406,0.3375686674219806,0.7436728671841,0.6830339620753032,0.5970038198258566,0.523248809503346,41.52885243420532,0.001953125
69,0.25678339195640193,0.3369793077794517,0.7527177884526874,0.6658595447860113,0.6081207060943479,0.5057532391170176,41.52885243420532,0.001953125
70,0.2564155628661747,0.3335383347258335,0.7524292592121207,0.6808900651408405,0.6080590062167334,0.5214761604623097,41.52885243420532,0.001953125
71,0.2522579667198917,0.3420959351266303,0.7545554715654125,0.6692920599768801,0.6105746989664824,0.5092137506822261,41.52885243420532,0.001953125
72,0.25384101579370705,0.3290855521109046,0.7529978771572527,0.6763190038320495,0.6092297489876333,0.5167707030366107,41.52885243420532,0.001953125
73,0.25052349811986735,0.33473909664444806,0.7533514972614206,0.678849912271267,0.6101239245870839,0.5212918440016304,41.52885243420532,0.001953125
74,0.2469159818213919,0.34672220741830223,0.7581384065358535,0.6694980921541772,0.6151497885584831,0.5090567331488539,41.52885243420532,0.001953125
75,0.2488101327224918,0.3328066975241754,0.7602979067874991,0.6790369905349685,0.6189532565033954,0.5212224285777022,41.52885243420532,0.001953125
76,0.23684353761685392,0.3302916302913573,0.7707921378314495,0.6805235500015864,0.6316807192439834,0.5220257668960385,43.07261818124295,0.0009765625
77,0.24973504928251108,0.3291210141487238,0.7662432519719005,0.6738839611047651,0.6264852381621798,0.5139099050585817,43.07261818124295,0.0009765625
78,0.24032304032395282,0.32872655660640904,0.770427044481039,0.681878578372118,0.631547225639224,0.523383039890266,43.07261818124295,0.0009765625
79,0.23443991939226785,0.33092116219241446,0.7731083898494641,0.6753501946606287,0.6351131877551476,0.5163656395019555,43.07261818124295,0.0009765625
80,0.23862839032274982,0.3410427535815937,0.7709029242396355,0.6743159086965933,0.631029131822288,0.5169040444420605,43.07261818124295,0.0009765625
81,0.23721933496805528,0.33796762402464703,0.7772115971893072,0.6756367930551854,0.6393860404690107,0.5157396880591788,43.07261818124295,0.0009765625
82,0.22989327840507032,0.3417299493420415,0.778893384039402,0.6650550489018603,0.6426260432600975,0.5036022895719947,44.77251659908193,0.00048828125
83,0.24028765387833118,0.3202604469729633,0.7712149786949157,0.6837169040993947,0.6319171857833862,0.5257718141486005,44.77251659908193,0.00048828125
84,0.2394421625137329,0.32331845873012777,0.7745662572979927,0.6913184494507022,0.6366601315140724,0.5355882404780969,44.77251659908193,0.00048828125
85,0.22347646668553353,0.3330441707881486,0.7886223292350769,0.6729341207481012,0.6548200803995132,0.5134948957257155,44.77251659908193,0.00048828125
86,0.21969031281769275,0.34607801459184506,0.786199283003807,0.6654440448051546,0.651761417388916,0.507398057638145,44.77251659908193,0.00048828125
87,0.2291278916482742,0.3065822527902882,0.7837320348391166,0.7026021891250843,0.6488553314254835,0.5477390182090969,46.45726567223386,0.000244140625
88,0.23220041659302437,0.33417091209714006,0.7823986886785581,0.6761503063324021,0.6472697530228358,0.5168231016978985,46.45726567223386,0.000244140625
89,0.22936533928777164,0.31766675939647165,0.7839601234747813,0.6898252153541984,0.6489577296261604,0.5336707430641826,46.45726567223386,0.000244140625
90,0.2290466744452715,0.31812889383333487,0.7801745307560151,0.6897031294136513,0.6449098392174795,0.5323507206105604,46.45726567223386,0.000244140625
91,0.2307606004178524,0.33381758066939143,0.7818465972388232,0.6835842001728896,0.6463153078048317,0.5254578037959773,48.10807352225869,0.0001220703125
92,0.2246402101246295,0.3278422177564807,0.7875239749749502,0.6860945093922499,0.6530761964343212,0.5274965603177141,48.10807352225869,0.0001220703125
93,0.2269830393984362,0.32820430834118913,0.784840347038375,0.6850817501544952,0.6498483642935753,0.5270722188600679,48.10807352225869,0.0001220703125
94,0.2243171223173184,0.33685423033993417,0.7873836707855973,0.6784762056862436,0.6533302127250603,0.5209548735037083,49.81005023306399,6.103515625e-05
95,0.2294155626025583,0.3214384699013175,0.7897520698606968,0.6889573640939666,0.6562408826180867,0.5333329733552002,49.81005023306399,6.103515625e-05
96,0.2199824702526842,0.32561887528111294,0.7939894343061107,0.6809377474028889,0.662904965026038,0.5230057472135963,49.81005023306399,6.103515625e-05
97,0.23226844994672413,0.3173060460788448,0.7878277224713358,0.6982879791317916,0.6537547263092008,0.5405883480135988,51.541485038361905,3.0517578125e-05
98,0.23053869547258163,0.32101731020502927,0.78168150268752,0.6986240442933106,0.6458796522226827,0.5419447211230674,51.541485038361905,3.0517578125e-05
99,0.22149200236489033,0.31637678458923246,0.7893166804108126,0.6958427189326868,0.6553051348390251,0.5390381602252402,51.541485038361905,3.0517578125e-05
100,0.22319674007594587,0.3258766977161896,0.7899795281390349,0.6889352569492851,0.6577378173669179,0.5320730372899916,53.2134873488035,1.52587890625e-05
101,0.2194462578743696,0.30908828955597994,0.7889212600886821,0.6967254964316764,0.6571192187567552,0.5409030554498114,53.2134873488035,1.52587890625e-05
102,0.21226102039217948,0.331036161903928,0.7945936625202497,0.6775447969756475,0.6640190482139587,0.5187902176162091,53.2134873488035,1.52587890625e-05
103,0.21247549458005563,0.32345069018079015,0.8042901899756455,0.6966398183892413,0.6757083050603789,0.5399382597789532,54.8992176894733,7.62939453125e-06
104,0.22035021189509368,0.3139577006421438,0.7844171703346376,0.6961404946519107,0.6512912647510932,0.5408404036992933,54.8992176894733,7.62939453125e-06
105,0.21765376003534814,0.3157467527723894,0.7967947285349776,0.7038245960706617,0.6657652268564798,0.5504664566095282,54.8992176894733,7.62939453125e-06
106,0.2238148862100023,0.3153147682911012,0.7993427015195681,0.6964395922131654,0.6700257454800793,0.5409686972455281,56.455986851355476,3.814697265625e-06
107,0.2144561014541491,0.3107665597302158,0.8000431375240716,0.7029044246528207,0.6708515546922609,0.5471028009565865,56.455986851355476,3.814697265625e-06
