regime,seed,query_id,main_nDCG,abl_nDCG,abl_served,absdiff
asymmetric,0,FLARE22_Tr_0006,0.2172607128522299,0.2172607128522299,True,0.0
asymmetric,0,FLARE22_Tr_0010,0.3486912225404547,0.3486912225404547,True,0.0
asymmetric,0,FLARE22_Tr_0011,0.0,0.0,True,0.0
asymmetric,0,FLARE22_Tr_0014,0.085143117641621,0.085143117641621,True,0.0
asymmetric,0,FLARE22_Tr_0018,0.2752066451698219,0.2752066451698219,True,0.0
asymmetric,0,FLARE22_Tr_0021,0.11525686512669099,0.1152568651266909,True,9.71445146547012e-17
asymmetric,0,FLARE22_Tr_0025,0.5388856921828066,0.5388856921828066,True,0.0
asymmetric,0,FLARE22_Tr_0028,0.34172662050158126,0.3417266205015812,True,5.551115123125783e-17
asymmetric,0,FLARE22_Tr_0031,0.48788640635284003,0.48788640635284,True,5.551115123125783e-17
asymmetric,0,FLARE22_Tr_0036,0.24680899859620783,0.2468089985962077,True,1.3877787807814457e-16
asymmetric,0,FLARE22_Tr_0038,0.4260276605334035,0.4260276605334035,True,0.0
asymmetric,0,FLARE22_Tr_0043,0.25009954313760513,0.2500995431376051,True,5.551115123125783e-17
asymmetric,0,FLARE22_Tr_0045,0.3842604594840367,0.3842604594840367,True,0.0
asymmetric,0,FLARE22_Tr_0050,0.1605427568847025,0.1605427568847025,True,0.0
asymmetric,0,FLARETs_0003,0.14659320504566478,0.1465932050456648,True,2.7755575615628914e-17
asymmetric,0,FLARETs_0006,0.5205795968954912,0.5205795968954912,True,0.0
asymmetric,0,FLARETs_0021,0.09421147244146325,0.0942114724414632,True,4.163336342344337e-17
asymmetric,0,FLARETs_0023,0.49201555084303894,0.4920155508430389,True,5.551115123125783e-17
asymmetric,0,FLARETs_0024,0.5019296816186565,0.5019296816186565,True,0.0
asymmetric,0,FLARETs_0033,0.3129834921469008,0.3129834921469008,True,0.0
asymmetric,0,FLARETs_0034,0.35024455152947126,0.3502445515294712,True,5.551115123125783e-17
asymmetric,0,FLARETs_0035,0.1100458831490401,0.1100458831490401,True,0.0
asymmetric,0,FLARETs_0036,0.6527725436451962,0.6527725436451962,True,0.0
asymmetric,0,FLARETs_0039,0.037802888961062625,0.0378028889610626,True,2.7755575615628914e-17
asymmetric,0,FLARETs_0044,0.35039298488684245,0.3503929848868424,True,5.551115123125783e-17
asymmetric,0,FLARETs_0050,0.4572577476154111,0.4572577476154111,True,0.0
asymmetric,0,LiTs-014,0.0,0.0,True,0.0
asymmetric,0,LiTs-015,0.0,0.0,True,0.0
asymmetric,0,LiTs-021,1.0,1.0,True,0.0
asymmetric,0,LiTs-022,1.0,1.0,True,0.0
asymmetric,0,LiTs-024,0.009088684028421674,0.0090886840284216,True,7.45931094670027e-17
asymmetric,0,LiTs-041,1.0,1.0,True,0.0
asymmetric,0,LiTs-044,0.6489315753318466,0.6489315753318466,True,0.0
asymmetric,0,LiTs-045,0.2329726085570736,0.2329726085570736,True,0.0
asymmetric,0,LiTs-046,0.0,0.0,True,0.0
asymmetric,0,LiTs-047,1.0,1.0,True,0.0
asymmetric,0,LiTs-059,1.0,1.0,True,0.0
asymmetric,0,LiTs-066,1.0,1.0,True,0.0
asymmetric,0,LiTs-067,0.013541194909935826,0.0135411949099358,True,2.6020852139652106e-17
asymmetric,0,LiTs-076,0.5933607200949346,0.5933607200949346,True,0.0
asymmetric,0,LiTs-082,0.07336392209936007,0.07336392209936,True,6.938893903907228e-17
asymmetric,0,LiTs-083,0.14285714285714285,0.1428571428571428,True,5.551115123125783e-17
asymmetric,0,LiTs-086,0.06362078819895171,0.0636207881989517,True,1.3877787807814457e-17
asymmetric,0,LiTs-087,0.14279514403613736,0.1427951440361373,True,5.551115123125783e-17
asymmetric,0,LiTs-089,0.0,0.0,True,0.0
asymmetric,0,LiTs-102,0.27872031977798384,0.2787203197779838,True,5.551115123125783e-17
asymmetric,0,LiTs-104,1.0,1.0,True,0.0
asymmetric,0,LiTs-105,0.857980942822373,0.857980942822373,True,0.0
asymmetric,0,LiTs-111,0.021680313011147916,0.0216803130111479,True,1.3877787807814457e-17
asymmetric,0,LiTs-128,0.0,0.0,True,0.0
asymmetric,0,LiTs-130,0.0,0.0,True,0.0
asymmetric,0,pancreas_001,1.0,1.0,True,0.0
asymmetric,0,pancreas_012,0.2689637614929664,0.2689637614929664,True,0.0
asymmetric,0,pancreas_042,0.0,0.0,True,0.0
asymmetric,0,pancreas_058,0.0,0.0,True,0.0
asymmetric,0,pancreas_077,0.0,0.0,True,0.0
asymmetric,0,pancreas_080,0.5616115445848195,0.5616115445848195,True,0.0
asymmetric,0,pancreas_081,0.42757746664769103,0.427577466647691,True,5.551115123125783e-17
asymmetric,0,pancreas_084,1.0,1.0,True,0.0
asymmetric,0,pancreas_086,0.7893731469655374,0.7893731469655374,True,0.0
asymmetric,0,pancreas_089,0.4554950789124097,0.4554950789124097,True,0.0
asymmetric,0,pancreas_091,0.5965377185773229,0.5965377185773229,True,0.0
asymmetric,0,pancreas_092,0.46035860613699897,0.4603586061369989,True,5.551115123125783e-17
asymmetric,0,pancreas_094,1.0,1.0,True,0.0
asymmetric,0,pancreas_104,0.5408211196853558,0.5408211196853558,True,0.0
asymmetric,0,pancreas_110,1.0,1.0,True,0.0
asymmetric,0,pancreas_113,0.7731826662336242,0.7731826662336242,True,0.0
asymmetric,0,pancreas_114,0.0,0.0,True,0.0
asymmetric,0,pancreas_117,0.4309322110679313,0.4309322110679313,True,0.0
asymmetric,0,pancreas_119,0.654175187351991,0.654175187351991,True,0.0
asymmetric,0,pancreas_120,0.0,0.0,True,0.0
asymmetric,0,pancreas_124,0.67175898907361,0.67175898907361,True,0.0
asymmetric,0,pancreas_130,0.31708532520472715,0.3170853252047271,True,5.551115123125783e-17
asymmetric,0,pancreas_131,0.31708532520472715,0.3170853252047271,True,5.551115123125783e-17
asymmetric,0,pancreas_159,0.14465249243306436,0.1446524924330643,True,5.551115123125783e-17
asymmetric,0,pancreas_169,0.0,0.0,True,0.0
asymmetric,0,pancreas_186,0.31708532520472715,0.3170853252047271,True,5.551115123125783e-17
asymmetric,0,pancreas_193,0.3765744191624098,0.3765744191624098,True,0.0
asymmetric,0,pancreas_199,0.0,0.0,True,0.0
asymmetric,0,pancreas_204,0.0,0.0,True,0.0
asymmetric,0,pancreas_207,0.0,0.0,True,0.0
asymmetric,0,pancreas_213,0.0,0.0,True,0.0
asymmetric,0,pancreas_214,0.41638241380547375,0.4163824138054737,True,5.551115123125783e-17
asymmetric,0,pancreas_229,0.0,0.0,True,0.0
asymmetric,0,pancreas_244,1.0,1.0,True,0.0
asymmetric,0,pancreas_246,0.7240423949810295,0.7240423949810295,True,0.0
asymmetric,0,pancreas_255,0.46975579500086945,0.4697557950008694,True,5.551115123125783e-17
asymmetric,0,pancreas_258,1.0,1.0,True,0.0
asymmetric,0,pancreas_266,0.583024471214314,0.583024471214314,True,0.0
asymmetric,0,pancreas_269,0.14496557874078222,0.1449655787407822,True,2.7755575615628914e-17
asymmetric,0,pancreas_280,1.0,1.0,True,0.0
asymmetric,0,pancreas_283,1.0,1.0,True,0.0
asymmetric,0,pancreas_289,0.0,0.0,True,0.0
asymmetric,0,pancreas_294,0.5067837010870874,0.5067837010870874,True,0.0
asymmetric,0,pancreas_297,0.0,0.0,True,0.0
asymmetric,0,pancreas_300,0.07336392209936007,0.07336392209936,True,6.938893903907228e-17
asymmetric,0,pancreas_303,0.0,0.0,True,0.0
asymmetric,0,pancreas_304,0.0454741662544366,0.0454741662544366,True,0.0
asymmetric,0,pancreas_315,0.180016047963362,0.180016047963362,True,0.0
asymmetric,0,pancreas_328,0.0,0.0,True,0.0
asymmetric,0,pancreas_329,0.7846170207230129,0.7846170207230129,True,0.0
asymmetric,0,pancreas_334,0.0,0.0,True,0.0
asymmetric,0,pancreas_345,0.5084351701712879,0.5084351701712879,True,0.0
asymmetric,0,pancreas_364,0.31708532520472715,0.3170853252047271,True,5.551115123125783e-17
asymmetric,0,pancreas_366,0.0,0.0,True,0.0
asymmetric,0,pancreas_372,1.0,1.0,True,0.0
asymmetric,0,pancreas_377,0.5618536187071219,0.5618536187071219,True,0.0
asymmetric,0,pancreas_386,0.0,0.0,True,0.0
asymmetric,0,pancreas_387,0.14285714285714285,0.1428571428571428,True,5.551115123125783e-17
asymmetric,0,pancreas_391,1.0,1.0,True,0.0
asymmetric,0,pancreas_409,0.0,0.0,True,0.0
asymmetric,1,FLARE22_Tr_0006,0.3024038304938509,0.3024038304938509,True,0.0
asymmetric,1,FLARE22_Tr_0010,0.08908476254922294,0.0890847625492229,True,4.163336342344337e-17
asymmetric,1,FLARE22_Tr_0011,0.03144168089972574,0.0314416808997257,True,3.469446951953614e-17
asymmetric,1,FLARE22_Tr_0014,0.01572084044986287,0.0157208404498628,True,6.938893903907228e-17
asymmetric,1,FLARE22_Tr_0018,0.14239070782958732,0.1423907078295873,True,2.7755575615628914e-17
asymmetric,1,FLARE22_Tr_0021,0.35079128821926453,0.3507912882192645,True,5.551115123125783e-17
asymmetric,1,FLARE22_Tr_0025,0.0,0.0,True,0.0
asymmetric,1,FLARE22_Tr_0028,0.47223634002126197,0.4722363400212619,True,5.551115123125783e-17
asymmetric,1,FLARE22_Tr_0031,0.15139734109601005,0.15139734109601,True,5.551115123125783e-17
asymmetric,1,FLARE22_Tr_0036,0.3348619098701505,0.3348619098701505,True,0.0
asymmetric,1,FLARE22_Tr_0038,0.5801476231864474,0.5801476231864474,True,0.0
asymmetric,1,FLARE22_Tr_0043,0.0,0.0,True,0.0
asymmetric,1,FLARE22_Tr_0045,0.43584482098591654,0.4358448209859165,True,5.551115123125783e-17
asymmetric,1,FLARE22_Tr_0050,0.17085389318283584,0.1708538931828358,True,2.7755575615628914e-17
asymmetric,1,FLARETs_0003,0.13886244387355454,0.1388624438735545,True,2.7755575615628914e-17
asymmetric,1,FLARETs_0006,0.5492902584961094,0.5492902584961094,True,0.0
asymmetric,1,FLARETs_0021,0.039406736310266616,0.0394067363102666,True,1.3877787807814457e-17
asymmetric,1,FLARETs_0023,0.34970689377545056,0.3497068937754505,True,5.551115123125783e-17
asymmetric,1,FLARETs_0024,0.7103832077248687,0.7103832077248687,True,0.0
asymmetric,1,FLARETs_0033,0.0,0.0,True,0.0
asymmetric,1,FLARETs_0034,0.18516013496585287,0.1851601349658528,True,8.326672684688674e-17
asymmetric,1,FLARETs_0035,0.0,0.0,True,0.0
asymmetric,1,FLARETs_0036,0.4762692995728842,0.4762692995728842,True,0.0
asymmetric,1,FLARETs_0039,0.17396691937929834,0.1739669193792983,True,2.7755575615628914e-17
asymmetric,1,FLARETs_0044,0.18749985931466848,0.1874998593146684,True,8.326672684688674e-17
asymmetric,1,FLARETs_0050,0.14285714285714285,0.1428571428571428,True,5.551115123125783e-17
asymmetric,1,LiTs-014,0.0,0.0,True,0.0
asymmetric,1,LiTs-015,0.0,0.0,True,0.0
asymmetric,1,LiTs-021,1.0,1.0,True,0.0
asymmetric,1,LiTs-022,1.0,1.0,True,0.0
asymmetric,1,LiTs-024,0.009088684028421674,0.0090886840284216,True,7.45931094670027e-17
asymmetric,1,LiTs-041,1.0,1.0,True,0.0
asymmetric,1,LiTs-044,0.6489315753318466,0.6489315753318466,True,0.0
asymmetric,1,LiTs-045,0.2329726085570736,0.2329726085570736,True,0.0
asymmetric,1,LiTs-046,0.0,0.0,True,0.0
asymmetric,1,LiTs-047,1.0,1.0,True,0.0
asymmetric,1,LiTs-059,1.0,1.0,True,0.0
asymmetric,1,LiTs-066,1.0,1.0,True,0.0
asymmetric,1,LiTs-067,0.013541194909935826,0.0135411949099358,True,2.6020852139652106e-17
asymmetric,1,LiTs-076,0.5933607200949346,0.5933607200949346,True,0.0
asymmetric,1,LiTs-082,0.13886244387355454,0.1388624438735545,True,2.7755575615628914e-17
asymmetric,1,LiTs-083,0.14285714285714285,0.1428571428571428,True,5.551115123125783e-17
asymmetric,1,LiTs-086,0.1487639058405727,0.1487639058405727,True,0.0
asymmetric,1,LiTs-087,0.07839826897867534,0.0783982689786753,True,4.163336342344337e-17
asymmetric,1,LiTs-089,0.0,0.0,True,0.0
asymmetric,1,LiTs-102,0.3670742981900367,0.3670742981900367,True,0.0
asymmetric,1,LiTs-104,1.0,1.0,True,0.0
asymmetric,1,LiTs-105,0.9337457765456111,0.9337457765456112,True,1.1102230246251565e-16
asymmetric,1,LiTs-111,0.20744158496521575,0.2074415849652157,True,5.551115123125783e-17
asymmetric,1,LiTs-128,0.15691817494387428,0.1569181749438742,True,8.326672684688674e-17
asymmetric,1,LiTs-130,0.1356854453911663,0.1356854453911663,True,0.0
asymmetric,1,pancreas_001,0.0,0.0,False,0.0
asymmetric,1,pancreas_012,0.0,0.0,False,0.0
asymmetric,1,pancreas_042,0.0,0.0,False,0.0
asymmetric,1,pancreas_058,0.0,0.0,False,0.0
asymmetric,1,pancreas_077,0.0,0.0,False,0.0
asymmetric,1,pancreas_080,0.0,0.0,False,0.0
asymmetric,1,pancreas_081,0.0,0.0,False,0.0
asymmetric,1,pancreas_084,0.0,0.0,False,0.0
asymmetric,1,pancreas_086,0.0,0.0,False,0.0
asymmetric,1,pancreas_089,0.0,0.0,False,0.0
asymmetric,1,pancreas_091,0.0,0.0,False,0.0
asymmetric,1,pancreas_092,0.0,0.0,False,0.0
asymmetric,1,pancreas_094,0.0,0.0,False,0.0
asymmetric,1,pancreas_104,0.0,0.0,False,0.0
asymmetric,1,pancreas_110,0.0,0.0,False,0.0
asymmetric,1,pancreas_113,0.0,0.0,False,0.0
asymmetric,1,pancreas_114,0.0,0.0,False,0.0
asymmetric,1,pancreas_117,0.0,0.0,False,0.0
asymmetric,1,pancreas_119,0.0,0.0,False,0.0
asymmetric,1,pancreas_120,0.0,0.0,False,0.0
asymmetric,1,pancreas_124,0.0,0.0,False,0.0
asymmetric,1,pancreas_130,0.0,0.0,False,0.0
asymmetric,1,pancreas_131,0.0,0.0,False,0.0
asymmetric,1,pancreas_159,0.0,0.0,False,0.0
asymmetric,1,pancreas_169,0.0,0.0,False,0.0
asymmetric,1,pancreas_186,0.0,0.0,False,0.0
asymmetric,1,pancreas_193,0.0,0.0,False,0.0
asymmetric,1,pancreas_199,0.0,0.0,False,0.0
asymmetric,1,pancreas_204,0.0,0.0,False,0.0
asymmetric,1,pancreas_207,0.0,0.0,False,0.0
asymmetric,1,pancreas_213,0.0,0.0,False,0.0
asymmetric,1,pancreas_214,0.0,0.0,False,0.0
asymmetric,1,pancreas_229,0.0,0.0,False,0.0
asymmetric,1,pancreas_244,0.0,0.0,False,0.0
asymmetric,1,pancreas_246,0.0,0.0,False,0.0
asymmetric,1,pancreas_255,0.0,0.0,False,0.0
asymmetric,1,pancreas_258,0.0,0.0,False,0.0
asymmetric,1,pancreas_266,0.0,0.0,False,0.0
asymmetric,1,pancreas_269,0.0,0.0,False,0.0
asymmetric,1,pancreas_280,0.0,0.0,False,0.0
asymmetric,1,pancreas_283,0.0,0.0,False,0.0
asymmetric,1,pancreas_289,0.0,0.0,False,0.0
asymmetric,1,pancreas_294,0.0,0.0,False,0.0
asymmetric,1,pancreas_297,0.0,0.0,False,0.0
asymmetric,1,pancreas_300,0.0,0.0,False,0.0
asymmetric,1,pancreas_303,0.0,0.0,False,0.0
asymmetric,1,pancreas_304,0.0,0.0,False,0.0
asymmetric,1,pancreas_315,0.0,0.0,False,0.0
asymmetric,1,pancreas_328,0.0,0.0,False,0.0
asymmetric,1,pancreas_329,0.0,0.0,False,0.0
asymmetric,1,pancreas_334,0.0,0.0,False,0.0
asymmetric,1,pancreas_345,0.0,0.0,False,0.0
asymmetric,1,pancreas_364,0.0,0.0,False,0.0
asymmetric,1,pancreas_366,0.0,0.0,False,0.0
asymmetric,1,pancreas_372,0.0,0.0,False,0.0
asymmetric,1,pancreas_377,0.0,0.0,False,0.0
asymmetric,1,pancreas_386,0.0,0.0,False,0.0
asymmetric,1,pancreas_387,0.0,0.0,False,0.0
asymmetric,1,pancreas_391,0.0,0.0,False,0.0
asymmetric,1,pancreas_409,0.0,0.0,False,0.0
dataset_style,0,FLARE22_Tr_0006,0.02892617601035804,0.028926176010358,True,3.8163916471489756e-17
dataset_style,0,FLARE22_Tr_0010,0.16104258782393982,0.1610425878239398,True,2.7755575615628914e-17
dataset_style,0,FLARE22_Tr_0011,0.0,0.0,True,0.0
dataset_style,0,FLARE22_Tr_0014,0.314880130667631,0.314880130667631,True,0.0
dataset_style,0,FLARE22_Tr_0018,0.07336392209936007,0.07336392209936,True,6.938893903907228e-17
dataset_style,0,FLARE22_Tr_0021,0.013541194909935826,0.0135411949099358,True,2.6020852139652106e-17
dataset_style,0,FLARE22_Tr_0025,0.22400556151517556,0.2240055615151755,True,5.551115123125783e-17
dataset_style,0,FLARE22_Tr_0028,0.023459940900904006,0.023459940900904,True,6.938893903907228e-18
dataset_style,0,FLARE22_Tr_0031,0.0,0.0,True,0.0
dataset_style,0,FLARE22_Tr_0036,0.009918745990968182,0.0099187459909681,True,8.153200337090993e-17
dataset_style,0,FLARE22_Tr_0038,0.0,0.0,True,0.0
dataset_style,0,FLARE22_Tr_0043,0.085143117641621,0.085143117641621,True,0.0
dataset_style,0,FLARE22_Tr_0045,0.022082048511199753,0.0220820485111997,True,5.204170427930421e-17
dataset_style,0,FLARE22_Tr_0050,0.0,0.0,True,0.0
dataset_style,0,FLARETs_0003,0.13886244387355454,0.1388624438735545,True,2.7755575615628914e-17
dataset_style,0,FLARETs_0006,0.09478836436955079,0.0947883643695507,True,9.71445146547012e-17
dataset_style,0,FLARETs_0021,0.07336392209936007,0.07336392209936,True,6.938893903907228e-17
dataset_style,0,FLARETs_0023,0.2786364164872878,0.2786364164872878,True,0.0
dataset_style,0,FLARETs_0024,0.09279427716824817,0.0927942771682481,True,6.938893903907228e-17
dataset_style,0,FLARETs_0033,0.0,0.0,True,0.0
dataset_style,0,FLARETs_0034,0.07745397616562838,0.0774539761656283,True,8.326672684688674e-17
dataset_style,0,FLARETs_0035,0.0,0.0,True,0.0
dataset_style,0,FLARETs_0036,0.06625422345438904,0.066254223454389,True,4.163336342344337e-17
dataset_style,0,FLARETs_0039,0.0,0.0,True,0.0
dataset_style,0,FLARETs_0044,0.17630010660342915,0.1763001066034291,True,5.551115123125783e-17
dataset_style,0,FLARETs_0050,0.10086395809148387,0.1008639580914838,True,6.938893903907228e-17
dataset_style,0,LiTs-014,0.0,0.0,False,0.0
dataset_style,0,LiTs-015,0.0,0.0,False,0.0
dataset_style,0,LiTs-021,0.0,0.0,False,0.0
dataset_style,0,LiTs-022,0.0,0.0,False,0.0
dataset_style,0,LiTs-024,0.0,0.0,False,0.0
dataset_style,0,LiTs-041,0.0,0.0,False,0.0
dataset_style,0,LiTs-044,0.0,0.0,False,0.0
dataset_style,0,LiTs-045,0.0,0.0,False,0.0
dataset_style,0,LiTs-046,0.0,0.0,False,0.0
dataset_style,0,LiTs-047,0.0,0.0,False,0.0
dataset_style,0,LiTs-059,0.0,0.0,False,0.0
dataset_style,0,LiTs-066,0.0,0.0,False,0.0
dataset_style,0,LiTs-067,0.0,0.0,False,0.0
dataset_style,0,LiTs-076,0.0,0.0,False,0.0
dataset_style,0,LiTs-082,0.0,0.0,False,0.0
dataset_style,0,LiTs-083,0.0,0.0,False,0.0
dataset_style,0,LiTs-086,0.0,0.0,False,0.0
dataset_style,0,LiTs-087,0.0,0.0,False,0.0
dataset_style,0,LiTs-089,0.0,0.0,False,0.0
dataset_style,0,LiTs-102,0.0,0.0,False,0.0
dataset_style,0,LiTs-104,0.0,0.0,False,0.0
dataset_style,0,LiTs-105,0.0,0.0,False,0.0
dataset_style,0,LiTs-111,0.0,0.0,False,0.0
dataset_style,0,LiTs-128,0.0,0.0,False,0.0
dataset_style,0,LiTs-130,0.0,0.0,False,0.0
dataset_style,0,pancreas_001,0.6311443278613472,0.6311443278613472,True,0.0
dataset_style,0,pancreas_012,0.1619406761776396,0.1619406761776396,True,0.0
dataset_style,0,pancreas_042,0.0,0.0,True,0.0
dataset_style,0,pancreas_058,0.0,0.0,True,0.0
dataset_style,0,pancreas_077,0.0,0.0,True,0.0
dataset_style,0,pancreas_080,0.2559504294230336,0.2559504294230336,True,0.0
dataset_style,0,pancreas_081,0.2887478400797578,0.2887478400797578,True,0.0
dataset_style,0,pancreas_084,0.6402900881481707,0.6402900881481707,True,0.0
dataset_style,0,pancreas_086,0.7693484587096083,0.7693484587096083,True,0.0
dataset_style,0,pancreas_089,0.46514146623311137,0.4651414662331113,True,5.551115123125783e-17
dataset_style,0,pancreas_091,0.5914640815742044,0.5914640815742044,True,0.0
dataset_style,0,pancreas_092,0.14465249243306436,0.1446524924330643,True,5.551115123125783e-17
dataset_style,0,pancreas_094,1.0,1.0,True,0.0
dataset_style,0,pancreas_104,0.08877159913727696,0.0887715991372769,True,5.551115123125783e-17
dataset_style,0,pancreas_110,0.6082965289412681,0.6082965289412681,True,0.0
dataset_style,0,pancreas_113,0.47646780250879517,0.4764678025087951,True,5.551115123125783e-17
dataset_style,0,pancreas_114,0.0,0.0,True,0.0
dataset_style,0,pancreas_117,0.4309322110679313,0.4309322110679313,True,0.0
dataset_style,0,pancreas_119,0.6328124867642183,0.6328124867642183,True,0.0
dataset_style,0,pancreas_120,0.0,0.0,True,0.0
dataset_style,0,pancreas_124,0.29409459795966886,0.2940945979596689,True,5.551115123125783e-17
dataset_style,0,pancreas_130,0.22628921392299603,0.226289213922996,True,2.7755575615628914e-17
dataset_style,0,pancreas_131,0.25204584004013636,0.2520458400401363,True,5.551115123125783e-17
dataset_style,0,pancreas_159,0.15090863280404943,0.1509086328040494,True,2.7755575615628914e-17
dataset_style,0,pancreas_169,0.0,0.0,True,0.0
dataset_style,0,pancreas_186,0.1822579707486268,0.1822579707486268,True,0.0
dataset_style,0,pancreas_193,0.637161318481177,0.637161318481177,True,0.0
dataset_style,0,pancreas_199,0.0,0.0,True,0.0
dataset_style,0,pancreas_204,0.0,0.0,True,0.0
dataset_style,0,pancreas_207,0.0,0.0,True,0.0
dataset_style,0,pancreas_213,0.0,0.0,True,0.0
dataset_style,0,pancreas_214,0.0,0.0,True,0.0
dataset_style,0,pancreas_229,0.0,0.0,True,0.0
dataset_style,0,pancreas_244,0.7799082337019199,0.7799082337019199,True,0.0
dataset_style,0,pancreas_246,0.7630946912803437,0.7630946912803437,True,0.0
dataset_style,0,pancreas_255,0.2863459897524692,0.2863459897524692,True,0.0
dataset_style,0,pancreas_258,0.8389574121760601,0.8389574121760601,True,0.0
dataset_style,0,pancreas_266,0.35659643859662626,0.3565964385966262,True,5.551115123125783e-17
dataset_style,0,pancreas_269,0.15798796805449397,0.1579879680544939,True,8.326672684688674e-17
dataset_style,0,pancreas_280,0.8515543142729491,0.8515543142729491,True,0.0
dataset_style,0,pancreas_283,1.0,1.0,True,0.0
dataset_style,0,pancreas_289,0.0,0.0,True,0.0
dataset_style,0,pancreas_294,0.4220949603708208,0.4220949603708208,True,0.0
dataset_style,0,pancreas_297,0.0,0.0,True,0.0
dataset_style,0,pancreas_300,0.0,0.0,True,0.0
dataset_style,0,pancreas_303,0.0,0.0,True,0.0
dataset_style,0,pancreas_304,0.01048056029990858,0.0104805602999085,True,7.979727989493313e-17
dataset_style,0,pancreas_315,0.06444408340323714,0.0644440834032371,True,4.163336342344337e-17
dataset_style,0,pancreas_328,0.0,0.0,True,0.0
dataset_style,0,pancreas_329,0.32227224912195473,0.3222722491219547,True,5.551115123125783e-17
dataset_style,0,pancreas_334,0.0,0.0,True,0.0
dataset_style,0,pancreas_345,0.25053157016712596,0.250531570167126,True,5.551115123125783e-17
dataset_style,0,pancreas_364,0.11814306043550477,0.1181430604355047,True,6.938893903907228e-17
dataset_style,0,pancreas_366,0.0,0.0,True,0.0
dataset_style,0,pancreas_372,0.7104770117651426,0.7104770117651426,True,0.0
dataset_style,0,pancreas_377,0.508120027013427,0.508120027013427,True,0.0
dataset_style,0,pancreas_386,0.0,0.0,True,0.0
dataset_style,0,pancreas_387,0.030716875613565967,0.0307168756135659,True,6.591949208711867e-17
dataset_style,0,pancreas_391,0.0,0.0,True,0.0
dataset_style,0,pancreas_409,0.0,0.0,True,0.0
dataset_style,1,FLARE22_Tr_0006,0.10995264211990553,0.1099526421199055,True,2.7755575615628914e-17
dataset_style,1,FLARE22_Tr_0010,0.1799314820111718,0.1799314820111718,True,0.0
dataset_style,1,FLARE22_Tr_0011,0.18743321575133912,0.1874332157513391,True,2.7755575615628914e-17
dataset_style,1,FLARE22_Tr_0014,0.22211853869678244,0.2221185386967824,True,2.7755575615628914e-17
dataset_style,1,FLARE22_Tr_0018,0.46805099097797404,0.468050990977974,True,5.551115123125783e-17
dataset_style,1,FLARE22_Tr_0021,0.46945447024602927,0.4694544702460292,True,5.551115123125783e-17
dataset_style,1,FLARE22_Tr_0025,0.0,0.0,True,0.0
dataset_style,1,FLARE22_Tr_0028,0.4886192541691047,0.4886192541691046,True,5.551115123125783e-17
dataset_style,1,FLARE22_Tr_0031,0.23129151900931952,0.2312915190093195,True,2.7755575615628914e-17
dataset_style,1,FLARE22_Tr_0036,0.44618334843015683,0.4461833484301568,True,5.551115123125783e-17
dataset_style,1,FLARE22_Tr_0038,0.7849818707050383,0.7849818707050383,True,0.0
dataset_style,1,FLARE22_Tr_0043,0.0,0.0,True,0.0
dataset_style,1,FLARE22_Tr_0045,0.6846389223884005,0.6846389223884004,True,1.1102230246251565e-16
dataset_style,1,FLARE22_Tr_0050,0.7035822153345346,0.7035822153345346,True,0.0
dataset_style,1,FLARETs_0003,0.10626161634382852,0.1062616163438285,True,2.7755575615628914e-17
dataset_style,1,FLARETs_0006,0.3540765750978017,0.3540765750978017,True,0.0
dataset_style,1,FLARETs_0021,0.023363055231470906,0.0233630552314709,True,6.938893903907228e-18
dataset_style,1,FLARETs_0023,0.46020227524108925,0.4602022752410892,True,5.551115123125783e-17
dataset_style,1,FLARETs_0024,1.0,1.0,True,0.0
dataset_style,1,FLARETs_0033,0.0,0.0,True,0.0
dataset_style,1,FLARETs_0034,0.08926871391871365,0.0892687139187136,True,4.163336342344337e-17
dataset_style,1,FLARETs_0035,0.15457433957839828,0.1545743395783982,True,8.326672684688674e-17
dataset_style,1,FLARETs_0036,0.5158084819368932,0.5158084819368932,True,0.0
dataset_style,1,FLARETs_0039,0.3169926600350617,0.3169926600350617,True,0.0
dataset_style,1,FLARETs_0044,0.49463965556280104,0.494639655562801,True,5.551115123125783e-17
dataset_style,1,FLARETs_0050,0.4258322709546746,0.4258322709546746,True,0.0
dataset_style,1,LiTs-014,0.0,0.0,True,0.0
dataset_style,1,LiTs-015,0.0,0.0,True,0.0
dataset_style,1,LiTs-021,1.0,1.0,True,0.0
dataset_style,1,LiTs-022,1.0,1.0,True,0.0
dataset_style,1,LiTs-024,0.009088684028421674,0.0090886840284216,True,7.45931094670027e-17
dataset_style,1,LiTs-041,1.0,1.0,True,0.0
dataset_style,1,LiTs-044,0.6489315753318466,0.6489315753318466,True,0.0
dataset_style,1,LiTs-045,0.2329726085570736,0.2329726085570736,True,0.0
dataset_style,1,LiTs-046,0.0,0.0,True,0.0
dataset_style,1,LiTs-047,1.0,1.0,True,0.0
dataset_style,1,LiTs-059,1.0,1.0,True,0.0
dataset_style,1,LiTs-066,1.0,1.0,True,0.0
dataset_style,1,LiTs-067,0.013541194909935826,0.0135411949099358,True,2.6020852139652106e-17
dataset_style,1,LiTs-076,0.5933607200949346,0.5933607200949346,True,0.0
dataset_style,1,LiTs-082,0.06943122193677727,0.0694312219367772,True,6.938893903907228e-17
dataset_style,1,LiTs-083,0.14285714285714285,0.1428571428571428,True,5.551115123125783e-17
dataset_style,1,LiTs-086,0.0,0.0,True,0.0
dataset_style,1,LiTs-087,0.19930623359011804,0.199306233590118,True,2.7755575615628914e-17
dataset_style,1,LiTs-089,0.0,0.0,True,0.0
dataset_style,1,LiTs-102,0.26252983904607075,0.2625298390460707,True,5.551115123125783e-17
dataset_style,1,LiTs-104,1.0,1.0,True,0.0
dataset_style,1,LiTs-105,0.857980942822373,0.857980942822373,True,0.0
dataset_style,1,LiTs-111,0.020399306290876763,0.0203993062908767,True,6.245004513516506e-17
dataset_style,1,LiTs-128,0.0,0.0,True,0.0
dataset_style,1,LiTs-130,0.0,0.0,True,0.0
dataset_style,1,pancreas_001,0.0,0.0,False,0.0
dataset_style,1,pancreas_012,0.0,0.0,False,0.0
dataset_style,1,pancreas_042,0.0,0.0,False,0.0
dataset_style,1,pancreas_058,0.0,0.0,False,0.0
dataset_style,1,pancreas_077,0.0,0.0,False,0.0
dataset_style,1,pancreas_080,0.0,0.0,False,0.0
dataset_style,1,pancreas_081,0.0,0.0,False,0.0
dataset_style,1,pancreas_084,0.0,0.0,False,0.0
dataset_style,1,pancreas_086,0.0,0.0,False,0.0
dataset_style,1,pancreas_089,0.0,0.0,False,0.0
dataset_style,1,pancreas_091,0.0,0.0,False,0.0
dataset_style,1,pancreas_092,0.0,0.0,False,0.0
dataset_style,1,pancreas_094,0.0,0.0,False,0.0
dataset_style,1,pancreas_104,0.0,0.0,False,0.0
dataset_style,1,pancreas_110,0.0,0.0,False,0.0
dataset_style,1,pancreas_113,0.0,0.0,False,0.0
dataset_style,1,pancreas_114,0.0,0.0,False,0.0
dataset_style,1,pancreas_117,0.0,0.0,False,0.0
dataset_style,1,pancreas_119,0.0,0.0,False,0.0
dataset_style,1,pancreas_120,0.0,0.0,False,0.0
dataset_style,1,pancreas_124,0.0,0.0,False,0.0
dataset_style,1,pancreas_130,0.0,0.0,False,0.0
dataset_style,1,pancreas_131,0.0,0.0,False,0.0
dataset_style,1,pancreas_159,0.0,0.0,False,0.0
dataset_style,1,pancreas_169,0.0,0.0,False,0.0
dataset_style,1,pancreas_186,0.0,0.0,False,0.0
dataset_style,1,pancreas_193,0.0,0.0,False,0.0
dataset_style,1,pancreas_199,0.0,0.0,False,0.0
dataset_style,1,pancreas_204,0.0,0.0,False,0.0
dataset_style,1,pancreas_207,0.0,0.0,False,0.0
dataset_style,1,pancreas_213,0.0,0.0,False,0.0
dataset_style,1,pancreas_214,0.0,0.0,False,0.0
dataset_style,1,pancreas_229,0.0,0.0,False,0.0
dataset_style,1,pancreas_244,0.0,0.0,False,0.0
dataset_style,1,pancreas_246,0.0,0.0,False,0.0
dataset_style,1,pancreas_255,0.0,0.0,False,0.0
dataset_style,1,pancreas_258,0.0,0.0,False,0.0
dataset_style,1,pancreas_266,0.0,0.0,False,0.0
dataset_style,1,pancreas_269,0.0,0.0,False,0.0
dataset_style,1,pancreas_280,0.0,0.0,False,0.0
dataset_style,1,pancreas_283,0.0,0.0,False,0.0
dataset_style,1,pancreas_289,0.0,0.0,False,0.0
dataset_style,1,pancreas_294,0.0,0.0,False,0.0
dataset_style,1,pancreas_297,0.0,0.0,False,0.0
dataset_style,1,pancreas_300,0.0,0.0,False,0.0
dataset_style,1,pancreas_303,0.0,0.0,False,0.0
dataset_style,1,pancreas_304,0.0,0.0,False,0.0
dataset_style,1,pancreas_315,0.0,0.0,False,0.0
dataset_style,1,pancreas_328,0.0,0.0,False,0.0
dataset_style,1,pancreas_329,0.0,0.0,False,0.0
dataset_style,1,pancreas_334,0.0,0.0,False,0.0
dataset_style,1,pancreas_345,0.0,0.0,False,0.0
dataset_style,1,pancreas_364,0.0,0.0,False,0.0
dataset_style,1,pancreas_366,0.0,0.0,False,0.0
dataset_style,1,pancreas_372,0.0,0.0,False,0.0
dataset_style,1,pancreas_377,0.0,0.0,False,0.0
dataset_style,1,pancreas_386,0.0,0.0,False,0.0
dataset_style,1,pancreas_387,0.0,0.0,False,0.0
dataset_style,1,pancreas_391,0.0,0.0,False,0.0
dataset_style,1,pancreas_409,0.0,0.0,False,0.0
dataset_style,2,FLARE22_Tr_0006,0.0,0.0,True,0.0
dataset_style,2,FLARE22_Tr_0010,0.0,0.0,True,0.0
dataset_style,2,FLARE22_Tr_0011,0.0,0.0,True,0.0
dataset_style,2,FLARE22_Tr_0014,0.0,0.0,True,0.0
dataset_style,2,FLARE22_Tr_0018,0.5986685662372884,0.5986685662372884,True,0.0
dataset_style,2,FLARE22_Tr_0021,0.23129151900931952,0.2312915190093195,True,2.7755575615628914e-17
dataset_style,2,FLARE22_Tr_0025,0.0,0.0,True,0.0
dataset_style,2,FLARE22_Tr_0028,0.7102013050728733,0.7102013050728733,True,0.0
dataset_style,2,FLARE22_Tr_0031,0.4735167412754448,0.4735167412754447,True,1.1102230246251565e-16
dataset_style,2,FLARE22_Tr_0036,0.30287300400935524,0.3028730040093552,True,5.551115123125783e-17
dataset_style,2,FLARE22_Tr_0038,0.16104258782393982,0.1610425878239398,True,2.7755575615628914e-17
dataset_style,2,FLARE22_Tr_0043,0.5657846903958406,0.5657846903958406,True,0.0
dataset_style,2,FLARE22_Tr_0045,0.7054028359495896,0.7054028359495896,True,0.0
dataset_style,2,FLARE22_Tr_0050,0.6855736832465842,0.6855736832465842,True,0.0
dataset_style,2,FLARETs_0003,0.0,0.0,True,0.0
dataset_style,2,FLARETs_0006,0.575276866697012,0.575276866697012,True,0.0
dataset_style,2,FLARETs_0021,0.06164886363035493,0.0616488636303549,True,3.469446951953614e-17
dataset_style,2,FLARETs_0023,0.4996824485815997,0.4996824485815997,True,0.0
dataset_style,2,FLARETs_0024,0.6158160909033892,0.6158160909033892,True,0.0
dataset_style,2,FLARETs_0033,0.0,0.0,True,0.0
dataset_style,2,FLARETs_0034,0.06661106739480585,0.0666110673948058,True,5.551115123125783e-17
dataset_style,2,FLARETs_0035,1.0,1.0,True,0.0
dataset_style,2,FLARETs_0036,0.6696460005818794,0.6696460005818794,True,0.0
dataset_style,2,FLARETs_0039,0.27341242793219495,0.2734124279321949,True,5.551115123125783e-17
dataset_style,2,FLARETs_0044,0.6923249627100274,0.6923249627100274,True,0.0
dataset_style,2,FLARETs_0050,0.7375097341566099,0.7375097341566099,True,0.0
dataset_style,2,LiTs-014,0.0,0.0,False,0.0
dataset_style,2,LiTs-015,0.0,0.0,False,0.0
dataset_style,2,LiTs-021,0.0,0.0,False,0.0
dataset_style,2,LiTs-022,0.0,0.0,False,0.0
dataset_style,2,LiTs-024,0.0,0.0,False,0.0
dataset_style,2,LiTs-041,0.0,0.0,False,0.0
dataset_style,2,LiTs-044,0.0,0.0,False,0.0
dataset_style,2,LiTs-045,0.0,0.0,False,0.0
dataset_style,2,LiTs-046,0.0,0.0,False,0.0
dataset_style,2,LiTs-047,0.0,0.0,False,0.0
dataset_style,2,LiTs-059,0.0,0.0,False,0.0
dataset_style,2,LiTs-066,0.0,0.0,False,0.0
dataset_style,2,LiTs-067,0.0,0.0,False,0.0
dataset_style,2,LiTs-076,0.0,0.0,False,0.0
dataset_style,2,LiTs-082,0.0,0.0,False,0.0
dataset_style,2,LiTs-083,0.0,0.0,False,0.0
dataset_style,2,LiTs-086,0.0,0.0,False,0.0
dataset_style,2,LiTs-087,0.0,0.0,False,0.0
dataset_style,2,LiTs-089,0.0,0.0,False,0.0
dataset_style,2,LiTs-102,0.0,0.0,False,0.0
dataset_style,2,LiTs-104,0.0,0.0,False,0.0
dataset_style,2,LiTs-105,0.0,0.0,False,0.0
dataset_style,2,LiTs-111,0.0,0.0,False,0.0
dataset_style,2,LiTs-128,0.0,0.0,False,0.0
dataset_style,2,LiTs-130,0.0,0.0,False,0.0
dataset_style,2,pancreas_001,0.0,0.0,False,0.0
dataset_style,2,pancreas_012,0.0,0.0,False,0.0
dataset_style,2,pancreas_042,0.0,0.0,False,0.0
dataset_style,2,pancreas_058,0.0,0.0,False,0.0
dataset_style,2,pancreas_077,0.0,0.0,False,0.0
dataset_style,2,pancreas_080,0.0,0.0,False,0.0
dataset_style,2,pancreas_081,0.0,0.0,False,0.0
dataset_style,2,pancreas_084,0.0,0.0,False,0.0
dataset_style,2,pancreas_086,0.0,0.0,False,0.0
dataset_style,2,pancreas_089,0.0,0.0,False,0.0
dataset_style,2,pancreas_091,0.0,0.0,False,0.0
dataset_style,2,pancreas_092,0.0,0.0,False,0.0
dataset_style,2,pancreas_094,0.0,0.0,False,0.0
dataset_style,2,pancreas_104,0.0,0.0,False,0.0
dataset_style,2,pancreas_110,0.0,0.0,False,0.0
dataset_style,2,pancreas_113,0.0,0.0,False,0.0
dataset_style,2,pancreas_114,0.0,0.0,False,0.0
dataset_style,2,pancreas_117,0.0,0.0,False,0.0
dataset_style,2,pancreas_119,0.0,0.0,False,0.0
dataset_style,2,pancreas_120,0.0,0.0,False,0.0
dataset_style,2,pancreas_124,0.0,0.0,False,0.0
dataset_style,2,pancreas_130,0.0,0.0,False,0.0
dataset_style,2,pancreas_131,0.0,0.0,False,0.0
dataset_style,2,pancreas_159,0.0,0.0,False,0.0
dataset_style,2,pancreas_169,0.0,0.0,False,0.0
dataset_style,2,pancreas_186,0.0,0.0,False,0.0
dataset_style,2,pancreas_193,0.0,0.0,False,0.0
dataset_style,2,pancreas_199,0.0,0.0,False,0.0
dataset_style,2,pancreas_204,0.0,0.0,False,0.0
dataset_style,2,pancreas_207,0.0,0.0,False,0.0
dataset_style,2,pancreas_213,0.0,0.0,False,0.0
dataset_style,2,pancreas_214,0.0,0.0,False,0.0
dataset_style,2,pancreas_229,0.0,0.0,False,0.0
dataset_style,2,pancreas_244,0.0,0.0,False,0.0
dataset_style,2,pancreas_246,0.0,0.0,False,0.0
dataset_style,2,pancreas_255,0.0,0.0,False,0.0
dataset_style,2,pancreas_258,0.0,0.0,False,0.0
dataset_style,2,pancreas_266,0.0,0.0,False,0.0
dataset_style,2,pancreas_269,0.0,0.0,False,0.0
dataset_style,2,pancreas_280,0.0,0.0,False,0.0
dataset_style,2,pancreas_283,0.0,0.0,False,0.0
dataset_style,2,pancreas_289,0.0,0.0,False,0.0
dataset_style,2,pancreas_294,0.0,0.0,False,0.0
dataset_style,2,pancreas_297,0.0,0.0,False,0.0
dataset_style,2,pancreas_300,0.0,0.0,False,0.0
dataset_style,2,pancreas_303,0.0,0.0,False,0.0
dataset_style,2,pancreas_304,0.0,0.0,False,0.0
dataset_style,2,pancreas_315,0.0,0.0,False,0.0
dataset_style,2,pancreas_328,0.0,0.0,False,0.0
dataset_style,2,pancreas_329,0.0,0.0,False,0.0
dataset_style,2,pancreas_334,0.0,0.0,False,0.0
dataset_style,2,pancreas_345,0.0,0.0,False,0.0
dataset_style,2,pancreas_364,0.0,0.0,False,0.0
dataset_style,2,pancreas_366,0.0,0.0,False,0.0
dataset_style,2,pancreas_372,0.0,0.0,False,0.0
dataset_style,2,pancreas_377,0.0,0.0,False,0.0
dataset_style,2,pancreas_386,0.0,0.0,False,0.0
dataset_style,2,pancreas_387,0.0,0.0,False,0.0
dataset_style,2,pancreas_391,0.0,0.0,False,0.0
dataset_style,2,pancreas_409,0.0,0.0,False,0.0
dataset_style,3,FLARE22_Tr_0006,0.07839826897867534,0.0783982689786753,True,4.163336342344337e-17
dataset_style,3,FLARE22_Tr_0010,0.2863459897524692,0.2863459897524692,True,0.0
dataset_style,3,FLARE22_Tr_0011,0.0,0.0,True,0.0
dataset_style,3,FLARE22_Tr_0014,0.07336392209936007,0.07336392209936,True,6.938893903907228e-17
dataset_style,3,FLARE22_Tr_0018,0.23177307466786257,0.2317730746678626,True,2.7755575615628914e-17
dataset_style,3,FLARE22_Tr_0021,0.0,0.0,True,0.0
dataset_style,3,FLARE22_Tr_0025,0.3120490772217807,0.3120490772217807,True,0.0
dataset_style,3,FLARE22_Tr_0028,0.41115323210409144,0.4111532321040914,True,5.551115123125783e-17
dataset_style,3,FLARE22_Tr_0031,0.37859880603906126,0.3785988060390612,True,5.551115123125783e-17
dataset_style,3,FLARE22_Tr_0036,0.14285714285714285,0.1428571428571428,True,5.551115123125783e-17
dataset_style,3,FLARE22_Tr_0038,0.2866919347890072,0.2866919347890072,True,0.0
dataset_style,3,FLARE22_Tr_0043,0.0,0.0,True,0.0
dataset_style,3,FLARE22_Tr_0045,0.37521868940541137,0.3752186894054113,True,5.551115123125783e-17
dataset_style,3,FLARE22_Tr_0050,0.3660246186928026,0.3660246186928026,True,0.0
dataset_style,3,FLARETs_0003,0.0,0.0,True,0.0
dataset_style,3,FLARETs_0006,0.5991460842621132,0.5991460842621132,True,0.0
dataset_style,3,FLARETs_0021,0.3094454128949909,0.3094454128949909,True,0.0
dataset_style,3,FLARETs_0023,0.712936470508769,0.712936470508769,True,0.0
dataset_style,3,FLARETs_0024,0.7508931700414944,0.7508931700414944,True,0.0
dataset_style,3,FLARETs_0033,0.0,0.0,True,0.0
dataset_style,3,FLARETs_0034,0.12989283987529457,0.1298928398752945,True,5.551115123125783e-17
dataset_style,3,FLARETs_0035,0.5232512984721256,0.5232512984721256,True,0.0
dataset_style,3,FLARETs_0036,0.5814149852926773,0.5814149852926773,True,0.0
dataset_style,3,FLARETs_0039,0.17405014866116933,0.1740501486611693,True,2.7755575615628914e-17
dataset_style,3,FLARETs_0044,0.5841877397823976,0.5841877397823976,True,0.0
dataset_style,3,FLARETs_0050,0.2808936467062342,0.2808936467062342,True,0.0
dataset_style,3,LiTs-014,0.0,0.0,True,0.0
dataset_style,3,LiTs-015,0.0,0.0,True,0.0
dataset_style,3,LiTs-021,1.0,1.0,True,0.0
dataset_style,3,LiTs-022,1.0,1.0,True,0.0
dataset_style,3,LiTs-024,0.009088684028421674,0.0090886840284216,True,7.45931094670027e-17
dataset_style,3,LiTs-041,1.0,1.0,True,0.0
dataset_style,3,LiTs-044,0.6489315753318466,0.6489315753318466,True,0.0
dataset_style,3,LiTs-045,0.2329726085570736,0.2329726085570736,True,0.0
dataset_style,3,LiTs-046,0.0,0.0,True,0.0
dataset_style,3,LiTs-047,1.0,1.0,True,0.0
dataset_style,3,LiTs-059,1.0,1.0,True,0.0
dataset_style,3,LiTs-066,1.0,1.0,True,0.0
dataset_style,3,LiTs-067,0.013541194909935826,0.0135411949099358,True,2.6020852139652106e-17
dataset_style,3,LiTs-076,0.5933607200949346,0.5933607200949346,True,0.0
dataset_style,3,LiTs-082,0.2200917662980802,0.2200917662980802,True,0.0
dataset_style,3,LiTs-083,0.14285714285714285,0.1428571428571428,True,5.551115123125783e-17
dataset_style,3,LiTs-086,0.314880130667631,0.314880130667631,True,0.0
dataset_style,3,LiTs-087,0.0,0.0,True,0.0
dataset_style,3,LiTs-089,0.0,0.0,True,0.0
dataset_style,3,LiTs-102,0.5473983622993501,0.5473983622993501,True,0.0
dataset_style,3,LiTs-104,1.0,1.0,True,0.0
dataset_style,3,LiTs-105,1.0,1.0,True,0.0
dataset_style,3,LiTs-111,0.3545976515263016,0.3545976515263015,True,1.1102230246251565e-16
dataset_style,3,LiTs-128,0.5803013296579812,0.5803013296579812,True,0.0
dataset_style,3,LiTs-130,1.0,1.0,True,0.0
dataset_style,3,pancreas_001,1.0,1.0,True,0.0
dataset_style,3,pancreas_012,0.21306158485699,0.21306158485699,True,0.0
dataset_style,3,pancreas_042,0.0,0.0,True,0.0
dataset_style,3,pancreas_058,0.0,0.0,True,0.0
dataset_style,3,pancreas_077,0.0,0.0,True,0.0
dataset_style,3,pancreas_080,0.5668339904824009,0.5668339904824009,True,0.0
dataset_style,3,pancreas_081,0.3425479501917774,0.3425479501917774,True,0.0
dataset_style,3,pancreas_084,1.0,1.0,True,0.0
dataset_style,3,pancreas_086,0.8515543142729491,0.8515543142729491,True,0.0
dataset_style,3,pancreas_089,0.7221746306981014,0.7221746306981013,True,1.1102230246251565e-16
dataset_style,3,pancreas_091,1.0,1.0,True,0.0
dataset_style,3,pancreas_092,0.21819512777735,0.21819512777735,True,0.0
dataset_style,3,pancreas_094,1.0,1.0,True,0.0
dataset_style,3,pancreas_104,0.14285714285714285,0.1428571428571428,True,5.551115123125783e-17
dataset_style,3,pancreas_110,1.0,1.0,True,0.0
dataset_style,3,pancreas_113,0.9371166382005486,0.9371166382005486,True,0.0
dataset_style,3,pancreas_114,0.0,0.0,True,0.0
dataset_style,3,pancreas_117,0.4309322110679313,0.4309322110679313,True,0.0
dataset_style,3,pancreas_119,0.94546789582947,0.94546789582947,True,0.0
dataset_style,3,pancreas_120,0.0,0.0,True,0.0
dataset_style,3,pancreas_124,0.9363792118010483,0.9363792118010484,True,1.1102230246251565e-16
dataset_style,3,pancreas_130,0.31708532520472715,0.3170853252047271,True,5.551115123125783e-17
dataset_style,3,pancreas_131,0.31708532520472715,0.3170853252047271,True,5.551115123125783e-17
dataset_style,3,pancreas_159,0.15090863280404943,0.1509086328040494,True,2.7755575615628914e-17
dataset_style,3,pancreas_169,0.0,0.0,True,0.0
dataset_style,3,pancreas_186,0.31708532520472715,0.3170853252047271,True,5.551115123125783e-17
dataset_style,3,pancreas_193,0.637161318481177,0.637161318481177,True,0.0
dataset_style,3,pancreas_199,0.0,0.0,True,0.0
dataset_style,3,pancreas_204,0.0,0.0,True,0.0
dataset_style,3,pancreas_207,0.0,0.0,True,0.0
dataset_style,3,pancreas_213,0.0,0.0,True,0.0
dataset_style,3,pancreas_214,0.0,0.0,True,0.0
dataset_style,3,pancreas_229,0.0,0.0,True,0.0
dataset_style,3,pancreas_244,1.0,1.0,True,0.0
dataset_style,3,pancreas_246,1.0,1.0,True,0.0
dataset_style,3,pancreas_255,0.41939799988819826,0.4193979998881982,True,5.551115123125783e-17
dataset_style,3,pancreas_258,1.0,1.0,True,0.0
dataset_style,3,pancreas_266,0.6261043923059076,0.6261043923059076,True,0.0
dataset_style,3,pancreas_269,0.24789885215535917,0.2478988521553591,True,8.326672684688674e-17
dataset_style,3,pancreas_280,1.0,1.0,True,0.0
dataset_style,3,pancreas_283,1.0,1.0,True,0.0
dataset_style,3,pancreas_289,0.0,0.0,True,0.0
dataset_style,3,pancreas_294,0.5637884576902256,0.5637884576902256,True,0.0
dataset_style,3,pancreas_297,0.0,0.0,True,0.0
dataset_style,3,pancreas_300,0.0,0.0,True,0.0
dataset_style,3,pancreas_303,0.0,0.0,True,0.0
dataset_style,3,pancreas_304,0.01048056029990858,0.0104805602999085,True,7.979727989493313e-17
dataset_style,3,pancreas_315,0.09031040361479109,0.090310403614791,True,9.71445146547012e-17
dataset_style,3,pancreas_328,0.0,0.0,True,0.0
dataset_style,3,pancreas_329,0.5672274908036508,0.5672274908036508,True,0.0
dataset_style,3,pancreas_334,0.0,0.0,True,0.0
dataset_style,3,pancreas_345,0.3354257508767642,0.3354257508767642,True,0.0
dataset_style,3,pancreas_364,0.31708532520472715,0.3170853252047271,True,5.551115123125783e-17
dataset_style,3,pancreas_366,0.0,0.0,True,0.0
dataset_style,3,pancreas_372,1.0,1.0,True,0.0
dataset_style,3,pancreas_377,0.685035554235118,0.685035554235118,True,0.0
dataset_style,3,pancreas_386,0.0,0.0,True,0.0
dataset_style,3,pancreas_387,0.14285714285714285,0.1428571428571428,True,5.551115123125783e-17
dataset_style,3,pancreas_391,1.0,1.0,True,0.0
dataset_style,3,pancreas_409,0.0,0.0,True,0.0
random,0,FLARE22_Tr_0006,0.44326416469634355,0.4432641646963435,True,5.551115123125783e-17
random,0,FLARE22_Tr_0010,0.25208419732261245,0.2520841973226125,True,5.551115123125783e-17
random,0,FLARE22_Tr_0011,0.2883820513943218,0.2883820513943218,True,0.0
random,0,FLARE22_Tr_0014,0.09695184207200973,0.0969518420720097,True,2.7755575615628914e-17
random,0,FLARE22_Tr_0018,0.2735872697693364,0.2735872697693364,True,0.0
random,0,FLARE22_Tr_0021,0.13979375764430893,0.1397937576443089,True,2.7755575615628914e-17
random,0,FLARE22_Tr_0025,0.3187939258847263,0.3187939258847263,True,0.0
random,0,FLARE22_Tr_0028,0.3631075467533753,0.3631075467533753,True,0.0
random,0,FLARE22_Tr_0031,0.0,0.0,True,0.0
random,0,FLARE22_Tr_0036,0.576023152374742,0.576023152374742,True,0.0
random,0,FLARE22_Tr_0038,0.49593892046994653,0.4959389204699465,True,5.551115123125783e-17
random,0,FLARE22_Tr_0043,0.09424074641506182,0.0942407464150618,True,1.3877787807814457e-17
random,0,FLARE22_Tr_0045,0.572894340643402,0.572894340643402,True,0.0
random,0,FLARE22_Tr_0050,0.3648149715813449,0.3648149715813449,True,0.0
random,0,FLARETs_0003,0.06362078819895171,0.0636207881989517,True,1.3877787807814457e-17
random,0,FLARETs_0006,0.15411418823937095,0.1541141882393709,True,5.551115123125783e-17
random,0,FLARETs_0021,0.3468758403296002,0.3468758403296002,True,0.0
random,0,FLARETs_0023,0.6467719514807803,0.6467719514807803,True,0.0
random,0,FLARETs_0024,0.5084351701712879,0.5084351701712879,True,0.0
random,0,FLARETs_0033,0.27584715417186634,0.2758471541718663,True,5.551115123125783e-17
random,0,FLARETs_0034,0.13213739640455793,0.1321373964045579,True,2.7755575615628914e-17
random,0,FLARETs_0035,0.5174612499126158,0.5174612499126158,True,0.0
random,0,FLARETs_0036,0.48330759559720143,0.4833075955972014,True,5.551115123125783e-17
random,0,FLARETs_0039,0.4276241916114525,0.4276241916114525,True,0.0
random,0,FLARETs_0044,0.368592662609612,0.368592662609612,True,0.0
random,0,FLARETs_0050,0.690579767017011,0.690579767017011,True,0.0
random,0,LiTs-014,0.0,0.0,True,0.0
random,0,LiTs-015,0.0,0.0,True,0.0
random,0,LiTs-021,1.0,1.0,True,0.0
random,0,LiTs-022,1.0,1.0,True,0.0
random,0,LiTs-024,0.009088684028421674,0.0090886840284216,True,7.45931094670027e-17
random,0,LiTs-041,1.0,1.0,True,0.0
random,0,LiTs-044,0.6489315753318466,0.6489315753318466,True,0.0
random,0,LiTs-045,0.2329726085570736,0.2329726085570736,True,0.0
random,0,LiTs-046,0.0,0.0,True,0.0
random,0,LiTs-047,1.0,1.0,True,0.0
random,0,LiTs-059,1.0,1.0,True,0.0
random,0,LiTs-066,1.0,1.0,True,0.0
random,0,LiTs-067,0.013541194909935826,0.0135411949099358,True,2.6020852139652106e-17
random,0,LiTs-076,0.5933607200949346,0.5933607200949346,True,0.0
random,0,LiTs-082,0.2200917662980802,0.2200917662980802,True,0.0
random,0,LiTs-083,0.14285714285714285,0.1428571428571428,True,5.551115123125783e-17
random,0,LiTs-086,0.314880130667631,0.314880130667631,True,0.0
random,0,LiTs-087,0.0,0.0,True,0.0
random,0,LiTs-089,0.0,0.0,True,0.0
random,0,LiTs-102,0.5473983622993501,0.5473983622993501,True,0.0
random,0,LiTs-104,1.0,1.0,True,0.0
random,0,LiTs-105,1.0,1.0,True,0.0
random,0,LiTs-111,0.3545976515263016,0.3545976515263015,True,1.1102230246251565e-16
random,0,LiTs-128,0.5803013296579812,0.5803013296579812,True,0.0
random,0,LiTs-130,1.0,1.0,True,0.0
random,0,pancreas_001,1.0,1.0,True,0.0
random,0,pancreas_012,0.21306158485699,0.21306158485699,True,0.0
random,0,pancreas_042,0.0,0.0,True,0.0
random,0,pancreas_058,0.0,0.0,True,0.0
random,0,pancreas_077,0.0,0.0,True,0.0
random,0,pancreas_080,0.5668339904824009,0.5668339904824009,True,0.0
random,0,pancreas_081,0.3425479501917774,0.3425479501917774,True,0.0
random,0,pancreas_084,1.0,1.0,True,0.0
random,0,pancreas_086,0.8515543142729491,0.8515543142729491,True,0.0
random,0,pancreas_089,0.7221746306981014,0.7221746306981013,True,1.1102230246251565e-16
random,0,pancreas_091,1.0,1.0,True,0.0
random,0,pancreas_092,0.21819512777735,0.21819512777735,True,0.0
random,0,pancreas_094,1.0,1.0,True,0.0
random,0,pancreas_104,0.14285714285714285,0.1428571428571428,True,5.551115123125783e-17
random,0,pancreas_110,1.0,1.0,True,0.0
random,0,pancreas_113,0.9371166382005486,0.9371166382005486,True,0.0
random,0,pancreas_114,0.0,0.0,True,0.0
random,0,pancreas_117,0.4309322110679313,0.4309322110679313,True,0.0
random,0,pancreas_119,0.94546789582947,0.94546789582947,True,0.0
random,0,pancreas_120,0.0,0.0,True,0.0
random,0,pancreas_124,0.9363792118010483,0.9363792118010484,True,1.1102230246251565e-16
random,0,pancreas_130,0.31708532520472715,0.3170853252047271,True,5.551115123125783e-17
random,0,pancreas_131,0.31708532520472715,0.3170853252047271,True,5.551115123125783e-17
random,0,pancreas_159,0.15090863280404943,0.1509086328040494,True,2.7755575615628914e-17
random,0,pancreas_169,0.0,0.0,True,0.0
random,0,pancreas_186,0.31708532520472715,0.3170853252047271,True,5.551115123125783e-17
random,0,pancreas_193,0.637161318481177,0.637161318481177,True,0.0
random,0,pancreas_199,0.0,0.0,True,0.0
random,0,pancreas_204,0.0,0.0,True,0.0
random,0,pancreas_207,0.0,0.0,True,0.0
random,0,pancreas_213,0.0,0.0,True,0.0
random,0,pancreas_214,0.0,0.0,True,0.0
random,0,pancreas_229,0.0,0.0,True,0.0
random,0,pancreas_244,1.0,1.0,True,0.0
random,0,pancreas_246,1.0,1.0,True,0.0
random,0,pancreas_255,0.41939799988819826,0.4193979998881982,True,5.551115123125783e-17
random,0,pancreas_258,1.0,1.0,True,0.0
random,0,pancreas_266,0.6261043923059076,0.6261043923059076,True,0.0
random,0,pancreas_269,0.24789885215535917,0.2478988521553591,True,8.326672684688674e-17
random,0,pancreas_280,1.0,1.0,True,0.0
random,0,pancreas_283,1.0,1.0,True,0.0
random,0,pancreas_289,0.0,0.0,True,0.0
random,0,pancreas_294,0.5637884576902256,0.5637884576902256,True,0.0
random,0,pancreas_297,0.0,0.0,True,0.0
random,0,pancreas_300,0.0,0.0,True,0.0
random,0,pancreas_303,0.0,0.0,True,0.0
random,0,pancreas_304,0.01048056029990858,0.0104805602999085,True,7.979727989493313e-17
random,0,pancreas_315,0.09031040361479109,0.090310403614791,True,9.71445146547012e-17
random,0,pancreas_328,0.0,0.0,True,0.0
random,0,pancreas_329,0.5672274908036508,0.5672274908036508,True,0.0
random,0,pancreas_334,0.0,0.0,True,0.0
random,0,pancreas_345,0.3354257508767642,0.3354257508767642,True,0.0
random,0,pancreas_364,0.31708532520472715,0.3170853252047271,True,5.551115123125783e-17
random,0,pancreas_366,0.0,0.0,True,0.0
random,0,pancreas_372,1.0,1.0,True,0.0
random,0,pancreas_377,0.685035554235118,0.685035554235118,True,0.0
random,0,pancreas_386,0.0,0.0,True,0.0
random,0,pancreas_387,0.14285714285714285,0.1428571428571428,True,5.551115123125783e-17
random,0,pancreas_391,1.0,1.0,True,0.0
random,0,pancreas_409,0.0,0.0,True,0.0
random,1,FLARE22_Tr_0006,0.24071231447420302,0.240712314474203,True,2.7755575615628914e-17
random,1,FLARE22_Tr_0010,0.10470711036051898,0.1047071103605189,True,8.326672684688674e-17
random,1,FLARE22_Tr_0011,0.4409203293308675,0.4409203293308675,True,0.0
random,1,FLARE22_Tr_0014,0.3660246186928026,0.3660246186928026,True,0.0
random,1,FLARE22_Tr_0018,0.5314700499698524,0.5314700499698524,True,0.0
random,1,FLARE22_Tr_0021,0.25891979123845676,0.2589197912384567,True,5.551115123125783e-17
random,1,FLARE22_Tr_0025,0.20829366581033182,0.2082936658103318,True,2.7755575615628914e-17
random,1,FLARE22_Tr_0028,0.2551731929004313,0.2551731929004313,True,0.0
random,1,FLARE22_Tr_0031,0.20827328063201606,0.208273280632016,True,5.551115123125783e-17
random,1,FLARE22_Tr_0036,0.6923249627100274,0.6923249627100274,True,0.0
random,1,FLARE22_Tr_0038,0.2375835084056881,0.2375835084056881,True,0.0
random,1,FLARE22_Tr_0043,0.22400556151517556,0.2240055615151755,True,5.551115123125783e-17
random,1,FLARE22_Tr_0045,0.5385049170750259,0.5385049170750259,True,0.0
random,1,FLARE22_Tr_0050,0.33553519919639485,0.3355351991963948,True,5.551115123125783e-17
random,1,FLARETs_0003,0.13698471029831177,0.1369847102983117,True,8.326672684688674e-17
random,1,FLARETs_0006,0.43413529976820153,0.4341352997682015,True,5.551115123125783e-17
random,1,FLARETs_0021,0.34142634827156987,0.3414263482715698,True,5.551115123125783e-17
random,1,FLARETs_0023,0.41777956319112325,0.4177795631911232,True,5.551115123125783e-17
random,1,FLARETs_0024,0.5421340812899599,0.5421340812899599,True,0.0
random,1,FLARETs_0033,0.5309999066793252,0.5309999066793252,True,0.0
random,1,FLARETs_0034,0.22674921752254473,0.2267492175225447,True,2.7755575615628914e-17
random,1,FLARETs_0035,0.6300426811446147,0.6300426811446147,True,0.0
random,1,FLARETs_0036,0.483958459305121,0.483958459305121,True,0.0
random,1,FLARETs_0039,0.17662477568573415,0.1766247756857341,True,5.551115123125783e-17
random,1,FLARETs_0044,0.24918821407429026,0.2491882140742902,True,5.551115123125783e-17
random,1,FLARETs_0050,0.2869876741162093,0.2869876741162093,True,0.0
random,1,LiTs-014,0.0,0.0,True,0.0
random,1,LiTs-015,0.0,0.0,True,0.0
random,1,LiTs-021,1.0,1.0,True,0.0
random,1,LiTs-022,1.0,1.0,True,0.0
random,1,LiTs-024,0.009088684028421674,0.0090886840284216,True,7.45931094670027e-17
random,1,LiTs-041,1.0,1.0,True,0.0
random,1,LiTs-044,0.6489315753318466,0.6489315753318466,True,0.0
random,1,LiTs-045,0.2329726085570736,0.2329726085570736,True,0.0
random,1,LiTs-046,0.0,0.0,True,0.0
random,1,LiTs-047,1.0,1.0,True,0.0
random,1,LiTs-059,1.0,1.0,True,0.0
random,1,LiTs-066,1.0,1.0,True,0.0
random,1,LiTs-067,0.013541194909935826,0.0135411949099358,True,2.6020852139652106e-17
random,1,LiTs-076,0.5933607200949346,0.5933607200949346,True,0.0
random,1,LiTs-082,0.2200917662980802,0.2200917662980802,True,0.0
random,1,LiTs-083,0.14285714285714285,0.1428571428571428,True,5.551115123125783e-17
random,1,LiTs-086,0.314880130667631,0.314880130667631,True,0.0
random,1,LiTs-087,0.0,0.0,True,0.0
random,1,LiTs-089,0.0,0.0,True,0.0
random,1,LiTs-102,0.5473983622993501,0.5473983622993501,True,0.0
random,1,LiTs-104,1.0,1.0,True,0.0
random,1,LiTs-105,1.0,1.0,True,0.0
random,1,LiTs-111,0.3545976515263016,0.3545976515263015,True,1.1102230246251565e-16
random,1,LiTs-128,0.5803013296579812,0.5803013296579812,True,0.0
random,1,LiTs-130,1.0,1.0,True,0.0
random,1,pancreas_001,1.0,1.0,True,0.0
random,1,pancreas_012,0.21306158485699,0.21306158485699,True,0.0
random,1,pancreas_042,0.0,0.0,True,0.0
random,1,pancreas_058,0.0,0.0,True,0.0
random,1,pancreas_077,0.0,0.0,True,0.0
random,1,pancreas_080,0.5668339904824009,0.5668339904824009,True,0.0
random,1,pancreas_081,0.3425479501917774,0.3425479501917774,True,0.0
random,1,pancreas_084,1.0,1.0,True,0.0
random,1,pancreas_086,0.8515543142729491,0.8515543142729491,True,0.0
random,1,pancreas_089,0.7221746306981014,0.7221746306981013,True,1.1102230246251565e-16
random,1,pancreas_091,1.0,1.0,True,0.0
random,1,pancreas_092,0.21819512777735,0.21819512777735,True,0.0
random,1,pancreas_094,1.0,1.0,True,0.0
random,1,pancreas_104,0.14285714285714285,0.1428571428571428,True,5.551115123125783e-17
random,1,pancreas_110,1.0,1.0,True,0.0
random,1,pancreas_113,0.9371166382005486,0.9371166382005486,True,0.0
random,1,pancreas_114,0.0,0.0,True,0.0
random,1,pancreas_117,0.4309322110679313,0.4309322110679313,True,0.0
random,1,pancreas_119,0.94546789582947,0.94546789582947,True,0.0
random,1,pancreas_120,0.0,0.0,True,0.0
random,1,pancreas_124,0.9363792118010483,0.9363792118010484,True,1.1102230246251565e-16
random,1,pancreas_130,0.31708532520472715,0.3170853252047271,True,5.551115123125783e-17
random,1,pancreas_131,0.31708532520472715,0.3170853252047271,True,5.551115123125783e-17
random,1,pancreas_159,0.15090863280404943,0.1509086328040494,True,2.7755575615628914e-17
random,1,pancreas_169,0.0,0.0,True,0.0
random,1,pancreas_186,0.31708532520472715,0.3170853252047271,True,5.551115123125783e-17
random,1,pancreas_193,0.637161318481177,0.637161318481177,True,0.0
random,1,pancreas_199,0.0,0.0,True,0.0
random,1,pancreas_204,0.0,0.0,True,0.0
random,1,pancreas_207,0.0,0.0,True,0.0
random,1,pancreas_213,0.0,0.0,True,0.0
random,1,pancreas_214,0.0,0.0,True,0.0
random,1,pancreas_229,0.0,0.0,True,0.0
random,1,pancreas_244,1.0,1.0,True,0.0
random,1,pancreas_246,1.0,1.0,True,0.0
random,1,pancreas_255,0.41939799988819826,0.4193979998881982,True,5.551115123125783e-17
random,1,pancreas_258,1.0,1.0,True,0.0
random,1,pancreas_266,0.6261043923059076,0.6261043923059076,True,0.0
random,1,pancreas_269,0.24789885215535917,0.2478988521553591,True,8.326672684688674e-17
random,1,pancreas_280,1.0,1.0,True,0.0
random,1,pancreas_283,1.0,1.0,True,0.0
random,1,pancreas_289,0.0,0.0,True,0.0
random,1,pancreas_294,0.5637884576902256,0.5637884576902256,True,0.0
random,1,pancreas_297,0.0,0.0,True,0.0
random,1,pancreas_300,0.0,0.0,True,0.0
random,1,pancreas_303,0.0,0.0,True,0.0
random,1,pancreas_304,0.01048056029990858,0.0104805602999085,True,7.979727989493313e-17
random,1,pancreas_315,0.09031040361479109,0.090310403614791,True,9.71445146547012e-17
random,1,pancreas_328,0.0,0.0,True,0.0
random,1,pancreas_329,0.5672274908036508,0.5672274908036508,True,0.0
random,1,pancreas_334,0.0,0.0,True,0.0
random,1,pancreas_345,0.3354257508767642,0.3354257508767642,True,0.0
random,1,pancreas_364,0.31708532520472715,0.3170853252047271,True,5.551115123125783e-17
random,1,pancreas_366,0.0,0.0,True,0.0
random,1,pancreas_372,1.0,1.0,True,0.0
random,1,pancreas_377,0.685035554235118,0.685035554235118,True,0.0
random,1,pancreas_386,0.0,0.0,True,0.0
random,1,pancreas_387,0.14285714285714285,0.1428571428571428,True,5.551115123125783e-17
random,1,pancreas_391,1.0,1.0,True,0.0
random,1,pancreas_409,0.0,0.0,True,0.0
random,2,FLARE22_Tr_0006,0.34180072382873317,0.3418007238287331,True,5.551115123125783e-17
random,2,FLARE22_Tr_0010,0.4382958388204493,0.4382958388204493,True,0.0
random,2,FLARE22_Tr_0011,0.1951890007906611,0.1951890007906611,True,0.0
random,2,FLARE22_Tr_0014,0.21813805151894805,0.218138051518948,True,5.551115123125783e-17
random,2,FLARE22_Tr_0018,0.3079460441132198,0.3079460441132198,True,0.0
random,2,FLARE22_Tr_0021,0.5468988731642694,0.5468988731642694,True,0.0
random,2,FLARE22_Tr_0025,0.20323893375270083,0.2032389337527008,True,2.7755575615628914e-17
random,2,FLARE22_Tr_0028,0.3198777255663695,0.3198777255663695,True,0.0
random,2,FLARE22_Tr_0031,0.18601602047812402,0.186016020478124,True,2.7755575615628914e-17
random,2,FLARE22_Tr_0036,0.7518374386558365,0.7518374386558365,True,0.0
random,2,FLARE22_Tr_0038,0.14279514403613733,0.1427951440361373,True,2.7755575615628914e-17
random,2,FLARE22_Tr_0043,0.3732322018162777,0.3732322018162777,True,0.0
random,2,FLARE22_Tr_0045,0.6528077997513615,0.6528077997513614,True,1.1102230246251565e-16
random,2,FLARE22_Tr_0050,0.1493430041734631,0.1493430041734631,True,0.0
random,2,FLARETs_0003,0.199306233590118,0.199306233590118,True,0.0
random,2,FLARETs_0006,0.5914551792841343,0.5914551792841343,True,0.0
random,2,FLARETs_0021,0.2907320755836621,0.2907320755836621,True,0.0
random,2,FLARETs_0023,0.19207571057903228,0.1920757105790322,True,8.326672684688674e-17
random,2,FLARETs_0024,0.8156987463186042,0.8156987463186042,True,0.0
random,2,FLARETs_0033,0.37183505243062814,0.3718350524306281,True,5.551115123125783e-17
random,2,FLARETs_0034,0.04191954049313611,0.0419195404931361,True,1.3877787807814457e-17
random,2,FLARETs_0035,0.37148910739409025,0.3714891073940902,True,5.551115123125783e-17
random,2,FLARETs_0036,0.4311551947161753,0.4311551947161753,True,0.0
random,2,FLARETs_0039,0.3721002581181708,0.3721002581181708,True,0.0
random,2,FLARETs_0044,0.28228822368421924,0.2822882236842192,True,5.551115123125783e-17
random,2,FLARETs_0050,0.32773481836363566,0.3277348183636356,True,5.551115123125783e-17
random,2,LiTs-014,0.0,0.0,True,0.0
random,2,LiTs-015,0.0,0.0,True,0.0
random,2,LiTs-021,1.0,1.0,True,0.0
random,2,LiTs-022,1.0,1.0,True,0.0
random,2,LiTs-024,0.009088684028421674,0.0090886840284216,True,7.45931094670027e-17
random,2,LiTs-041,1.0,1.0,True,0.0
random,2,LiTs-044,0.6489315753318466,0.6489315753318466,True,0.0
random,2,LiTs-045,0.2329726085570736,0.2329726085570736,True,0.0
random,2,LiTs-046,0.0,0.0,True,0.0
random,2,LiTs-047,1.0,1.0,True,0.0
random,2,LiTs-059,1.0,1.0,True,0.0
random,2,LiTs-066,1.0,1.0,True,0.0
random,2,LiTs-067,0.013541194909935826,0.0135411949099358,True,2.6020852139652106e-17
random,2,LiTs-076,0.5933607200949346,0.5933607200949346,True,0.0
random,2,LiTs-082,0.2200917662980802,0.2200917662980802,True,0.0
random,2,LiTs-083,0.14285714285714285,0.1428571428571428,True,5.551115123125783e-17
random,2,LiTs-086,0.314880130667631,0.314880130667631,True,0.0
random,2,LiTs-087,0.0,0.0,True,0.0
random,2,LiTs-089,0.0,0.0,True,0.0
random,2,LiTs-102,0.5473983622993501,0.5473983622993501,True,0.0
random,2,LiTs-104,1.0,1.0,True,0.0
random,2,LiTs-105,1.0,1.0,True,0.0
random,2,LiTs-111,0.3545976515263016,0.3545976515263015,True,1.1102230246251565e-16
random,2,LiTs-128,0.5803013296579812,0.5803013296579812,True,0.0
random,2,LiTs-130,1.0,1.0,True,0.0
random,2,pancreas_001,1.0,1.0,True,0.0
random,2,pancreas_012,0.21306158485699,0.21306158485699,True,0.0
random,2,pancreas_042,0.0,0.0,True,0.0
random,2,pancreas_058,0.0,0.0,True,0.0
random,2,pancreas_077,0.0,0.0,True,0.0
random,2,pancreas_080,0.5668339904824009,0.5668339904824009,True,0.0
random,2,pancreas_081,0.3425479501917774,0.3425479501917774,True,0.0
random,2,pancreas_084,1.0,1.0,True,0.0
random,2,pancreas_086,0.8515543142729491,0.8515543142729491,True,0.0
random,2,pancreas_089,0.7221746306981014,0.7221746306981013,True,1.1102230246251565e-16
random,2,pancreas_091,1.0,1.0,True,0.0
random,2,pancreas_092,0.21819512777735,0.21819512777735,True,0.0
random,2,pancreas_094,1.0,1.0,True,0.0
random,2,pancreas_104,0.14285714285714285,0.1428571428571428,True,5.551115123125783e-17
random,2,pancreas_110,1.0,1.0,True,0.0
random,2,pancreas_113,0.9371166382005486,0.9371166382005486,True,0.0
random,2,pancreas_114,0.0,0.0,True,0.0
random,2,pancreas_117,0.4309322110679313,0.4309322110679313,True,0.0
random,2,pancreas_119,0.94546789582947,0.94546789582947,True,0.0
random,2,pancreas_120,0.0,0.0,True,0.0
random,2,pancreas_124,0.9363792118010483,0.9363792118010484,True,1.1102230246251565e-16
random,2,pancreas_130,0.31708532520472715,0.3170853252047271,True,5.551115123125783e-17
random,2,pancreas_131,0.31708532520472715,0.3170853252047271,True,5.551115123125783e-17
random,2,pancreas_159,0.15090863280404943,0.1509086328040494,True,2.7755575615628914e-17
random,2,pancreas_169,0.0,0.0,True,0.0
random,2,pancreas_186,0.31708532520472715,0.3170853252047271,True,5.551115123125783e-17
random,2,pancreas_193,0.637161318481177,0.637161318481177,True,0.0
random,2,pancreas_199,0.0,0.0,True,0.0
random,2,pancreas_204,0.0,0.0,True,0.0
random,2,pancreas_207,0.0,0.0,True,0.0
random,2,pancreas_213,0.0,0.0,True,0.0
random,2,pancreas_214,0.0,0.0,True,0.0
random,2,pancreas_229,0.0,0.0,True,0.0
random,2,pancreas_244,1.0,1.0,True,0.0
random,2,pancreas_246,1.0,1.0,True,0.0
random,2,pancreas_255,0.41939799988819826,0.4193979998881982,True,5.551115123125783e-17
random,2,pancreas_258,1.0,1.0,True,0.0
random,2,pancreas_266,0.6261043923059076,0.6261043923059076,True,0.0
random,2,pancreas_269,0.24789885215535917,0.2478988521553591,True,8.326672684688674e-17
random,2,pancreas_280,1.0,1.0,True,0.0
random,2,pancreas_283,1.0,1.0,True,0.0
random,2,pancreas_289,0.0,0.0,True,0.0
random,2,pancreas_294,0.5637884576902256,0.5637884576902256,True,0.0
random,2,pancreas_297,0.0,0.0,True,0.0
random,2,pancreas_300,0.0,0.0,True,0.0
random,2,pancreas_303,0.0,0.0,True,0.0
random,2,pancreas_304,0.01048056029990858,0.0104805602999085,True,7.979727989493313e-17
random,2,pancreas_315,0.09031040361479109,0.090310403614791,True,9.71445146547012e-17
random,2,pancreas_328,0.0,0.0,True,0.0
random,2,pancreas_329,0.5672274908036508,0.5672274908036508,True,0.0
random,2,pancreas_334,0.0,0.0,True,0.0
random,2,pancreas_345,0.3354257508767642,0.3354257508767642,True,0.0
random,2,pancreas_364,0.31708532520472715,0.3170853252047271,True,5.551115123125783e-17
random,2,pancreas_366,0.0,0.0,True,0.0
random,2,pancreas_372,1.0,1.0,True,0.0
random,2,pancreas_377,0.685035554235118,0.685035554235118,True,0.0
random,2,pancreas_386,0.0,0.0,True,0.0
random,2,pancreas_387,0.14285714285714285,0.1428571428571428,True,5.551115123125783e-17
random,2,pancreas_391,1.0,1.0,True,0.0
random,2,pancreas_409,0.0,0.0,True,0.0
random,3,FLARE22_Tr_0006,0.20905885643354932,0.2090588564335493,True,2.7755575615628914e-17
random,3,FLARE22_Tr_0010,0.1736666713479918,0.1736666713479918,True,0.0
random,3,FLARE22_Tr_0011,0.0,0.0,True,0.0
random,3,FLARE22_Tr_0014,0.2682491024469036,0.2682491024469036,True,0.0
random,3,FLARE22_Tr_0018,0.4120960287630914,0.4120960287630913,True,1.1102230246251565e-16
random,3,FLARE22_Tr_0021,0.23909919631747004,0.23909919631747,True,2.7755575615628914e-17
random,3,FLARE22_Tr_0025,0.2435522702101235,0.2435522702101235,True,0.0
random,3,FLARE22_Tr_0028,0.5092735524444503,0.5092735524444503,True,0.0
random,3,FLARE22_Tr_0031,0.38730167481210276,0.3873016748121027,True,5.551115123125783e-17
random,3,FLARE22_Tr_0036,0.4190904992473898,0.4190904992473897,True,5.551115123125783e-17
random,3,FLARE22_Tr_0038,0.5919268187287084,0.5919268187287084,True,0.0
random,3,FLARE22_Tr_0043,0.0,0.0,True,0.0
random,3,FLARE22_Tr_0045,0.619345147588638,0.619345147588638,True,0.0
random,3,FLARE22_Tr_0050,0.4085324895066521,0.408532489506652,True,1.1102230246251565e-16
random,3,FLARETs_0003,0.0,0.0,True,0.0
random,3,FLARETs_0006,0.4786071213299869,0.4786071213299869,True,0.0
random,3,FLARETs_0021,0.32102353039970194,0.3210235303997019,True,5.551115123125783e-17
random,3,FLARETs_0023,0.3930891617548408,0.3930891617548409,True,5.551115123125783e-17
random,3,FLARETs_0024,0.4554950789124097,0.4554950789124097,True,0.0
random,3,FLARETs_0033,0.0,0.0,True,0.0
random,3,FLARETs_0034,0.0,0.0,True,0.0
random,3,FLARETs_0035,0.22212782793993277,0.2221278279399327,True,8.326672684688674e-17
random,3,FLARETs_0036,0.39991859859785234,0.3999185985978523,True,5.551115123125783e-17
random,3,FLARETs_0039,0.35211150491489773,0.3521115049148977,True,5.551115123125783e-17
random,3,FLARETs_0044,0.17630010660342915,0.1763001066034291,True,5.551115123125783e-17
random,3,FLARETs_0050,0.6806364964764378,0.6806364964764378,True,0.0
random,3,LiTs-014,0.0,0.0,True,0.0
random,3,LiTs-015,0.0,0.0,True,0.0
random,3,LiTs-021,1.0,1.0,True,0.0
random,3,LiTs-022,1.0,1.0,True,0.0
random,3,LiTs-024,0.009088684028421674,0.0090886840284216,True,7.45931094670027e-17
random,3,LiTs-041,1.0,1.0,True,0.0
random,3,LiTs-044,0.6489315753318466,0.6489315753318466,True,0.0
random,3,LiTs-045,0.2329726085570736,0.2329726085570736,True,0.0
random,3,LiTs-046,0.0,0.0,True,0.0
random,3,LiTs-047,1.0,1.0,True,0.0
random,3,LiTs-059,1.0,1.0,True,0.0
random,3,LiTs-066,1.0,1.0,True,0.0
random,3,LiTs-067,0.013541194909935826,0.0135411949099358,True,2.6020852139652106e-17
random,3,LiTs-076,0.5933607200949346,0.5933607200949346,True,0.0
random,3,LiTs-082,0.13886244387355454,0.1388624438735545,True,2.7755575615628914e-17
random,3,LiTs-083,0.14285714285714285,0.1428571428571428,True,5.551115123125783e-17
random,3,LiTs-086,0.16421958630632807,0.164219586306328,True,8.326672684688674e-17
random,3,LiTs-087,0.06625422345438904,0.066254223454389,True,4.163336342344337e-17
random,3,LiTs-089,0.0,0.0,True,0.0
random,3,LiTs-102,0.46934254825794314,0.4693425482579431,True,5.551115123125783e-17
random,3,LiTs-104,1.0,1.0,True,0.0
random,3,LiTs-105,1.0,1.0,True,0.0
random,3,LiTs-111,0.2521751073628412,0.2521751073628412,True,0.0
random,3,LiTs-128,0.2415114629958137,0.2415114629958137,True,0.0
random,3,LiTs-130,0.30887207873939243,0.3088720787393924,True,5.551115123125783e-17
random,3,pancreas_001,1.0,1.0,True,0.0
random,3,pancreas_012,0.19188098694418135,0.1918809869441813,True,5.551115123125783e-17
random,3,pancreas_042,0.0,0.0,True,0.0
random,3,pancreas_058,0.0,0.0,True,0.0
random,3,pancreas_077,0.0,0.0,True,0.0
random,3,pancreas_080,0.5668339904824009,0.5668339904824009,True,0.0
random,3,pancreas_081,0.3425479501917774,0.3425479501917774,True,0.0
random,3,pancreas_084,1.0,1.0,True,0.0
random,3,pancreas_086,0.8515543142729491,0.8515543142729491,True,0.0
random,3,pancreas_089,0.6056855863073728,0.6056855863073728,True,0.0
random,3,pancreas_091,1.0,1.0,True,0.0
random,3,pancreas_092,0.21819512777735,0.21819512777735,True,0.0
random,3,pancreas_094,1.0,1.0,True,0.0
random,3,pancreas_104,0.1306938403369113,0.1306938403369113,True,0.0
random,3,pancreas_110,0.9363792118010483,0.9363792118010484,True,1.1102230246251565e-16
random,3,pancreas_113,0.9371166382005486,0.9371166382005486,True,0.0
random,3,pancreas_114,0.0,0.0,True,0.0
random,3,pancreas_117,0.4309322110679313,0.4309322110679313,True,0.0
random,3,pancreas_119,0.8113499146016455,0.8113499146016455,True,0.0
random,3,pancreas_120,0.0,0.0,True,0.0
random,3,pancreas_124,0.8611375561264455,0.8611375561264455,True,0.0
random,3,pancreas_130,0.31708532520472715,0.3170853252047271,True,5.551115123125783e-17
random,3,pancreas_131,0.27305408203035797,0.2730540820303579,True,5.551115123125783e-17
random,3,pancreas_159,0.15090863280404943,0.1509086328040494,True,2.7755575615628914e-17
random,3,pancreas_169,0.0,0.0,True,0.0
random,3,pancreas_186,0.20326621273884843,0.2032662127388484,True,2.7755575615628914e-17
random,3,pancreas_193,0.637161318481177,0.637161318481177,True,0.0
random,3,pancreas_199,0.0,0.0,True,0.0
random,3,pancreas_204,0.0,0.0,True,0.0
random,3,pancreas_207,0.0,0.0,True,0.0
random,3,pancreas_213,0.0,0.0,True,0.0
random,3,pancreas_214,0.0,0.0,True,0.0
random,3,pancreas_229,0.0,0.0,True,0.0
random,3,pancreas_244,1.0,1.0,True,0.0
random,3,pancreas_246,1.0,1.0,True,0.0
random,3,pancreas_255,0.41939799988819826,0.4193979998881982,True,5.551115123125783e-17
random,3,pancreas_258,0.9305687780632227,0.9305687780632228,True,1.1102230246251565e-16
random,3,pancreas_266,0.4073285135230984,0.4073285135230984,True,0.0
random,3,pancreas_269,0.20143027330840504,0.201430273308405,True,5.551115123125783e-17
random,3,pancreas_280,1.0,1.0,True,0.0
random,3,pancreas_283,1.0,1.0,True,0.0
random,3,pancreas_289,0.0,0.0,True,0.0
random,3,pancreas_294,0.5541432109622958,0.5541432109622958,True,0.0
random,3,pancreas_297,0.0,0.0,True,0.0
random,3,pancreas_300,0.0,0.0,True,0.0
random,3,pancreas_303,0.0,0.0,True,0.0
random,3,pancreas_304,0.01048056029990858,0.0104805602999085,True,7.979727989493313e-17
random,3,pancreas_315,0.09031040361479109,0.090310403614791,True,9.71445146547012e-17
random,3,pancreas_328,0.0,0.0,True,0.0
random,3,pancreas_329,0.5672274908036508,0.5672274908036508,True,0.0
random,3,pancreas_334,0.0,0.0,True,0.0
random,3,pancreas_345,0.3354257508767642,0.3354257508767642,True,0.0
random,3,pancreas_364,0.1812505911516638,0.1812505911516638,True,0.0
random,3,pancreas_366,0.0,0.0,True,0.0
random,3,pancreas_372,1.0,1.0,True,0.0
random,3,pancreas_377,0.685035554235118,0.685035554235118,True,0.0
random,3,pancreas_386,0.0,0.0,True,0.0
random,3,pancreas_387,0.1230196508752065,0.1230196508752065,True,0.0
random,3,pancreas_391,0.34210137762625537,0.3421013776262553,True,5.551115123125783e-17
random,3,pancreas_409,0.0,0.0,True,0.0
uniform,0,FLARE22_Tr_0006,0.07839826897867534,0.0783982689786753,True,4.163336342344337e-17
uniform,0,FLARE22_Tr_0010,0.2863459897524692,0.2863459897524692,True,0.0
uniform,0,FLARE22_Tr_0011,0.0,0.0,True,0.0
uniform,0,FLARE22_Tr_0014,0.07336392209936007,0.07336392209936,True,6.938893903907228e-17
uniform,0,FLARE22_Tr_0018,0.23177307466786257,0.2317730746678626,True,2.7755575615628914e-17
uniform,0,FLARE22_Tr_0021,0.0,0.0,True,0.0
uniform,0,FLARE22_Tr_0025,0.3120490772217807,0.3120490772217807,True,0.0
uniform,0,FLARE22_Tr_0028,0.41115323210409144,0.4111532321040914,True,5.551115123125783e-17
uniform,0,FLARE22_Tr_0031,0.37859880603906126,0.3785988060390612,True,5.551115123125783e-17
uniform,0,FLARE22_Tr_0036,0.14285714285714285,0.1428571428571428,True,5.551115123125783e-17
uniform,0,FLARE22_Tr_0038,0.2866919347890072,0.2866919347890072,True,0.0
uniform,0,FLARE22_Tr_0043,0.0,0.0,True,0.0
uniform,0,FLARE22_Tr_0045,0.37521868940541137,0.3752186894054113,True,5.551115123125783e-17
uniform,0,FLARE22_Tr_0050,0.3660246186928026,0.3660246186928026,True,0.0
uniform,0,FLARETs_0003,0.0,0.0,True,0.0
uniform,0,FLARETs_0006,0.5991460842621132,0.5991460842621132,True,0.0
uniform,0,FLARETs_0021,0.3094454128949909,0.3094454128949909,True,0.0
uniform,0,FLARETs_0023,0.712936470508769,0.712936470508769,True,0.0
uniform,0,FLARETs_0024,0.7508931700414944,0.7508931700414944,True,0.0
uniform,0,FLARETs_0033,0.0,0.0,True,0.0
uniform,0,FLARETs_0034,0.12989283987529457,0.1298928398752945,True,5.551115123125783e-17
uniform,0,FLARETs_0035,0.5232512984721256,0.5232512984721256,True,0.0
uniform,0,FLARETs_0036,0.5814149852926773,0.5814149852926773,True,0.0
uniform,0,FLARETs_0039,0.17405014866116933,0.1740501486611693,True,2.7755575615628914e-17
uniform,0,FLARETs_0044,0.5841877397823976,0.5841877397823976,True,0.0
uniform,0,FLARETs_0050,0.2808936467062342,0.2808936467062342,True,0.0
uniform,0,LiTs-014,0.0,0.0,True,0.0
uniform,0,LiTs-015,0.0,0.0,True,0.0
uniform,0,LiTs-021,1.0,1.0,True,0.0
uniform,0,LiTs-022,1.0,1.0,True,0.0
uniform,0,LiTs-024,0.009088684028421674,0.0090886840284216,True,7.45931094670027e-17
uniform,0,LiTs-041,1.0,1.0,True,0.0
uniform,0,LiTs-044,0.6489315753318466,0.6489315753318466,True,0.0
uniform,0,LiTs-045,0.2329726085570736,0.2329726085570736,True,0.0
uniform,0,LiTs-046,0.0,0.0,True,0.0
uniform,0,LiTs-047,1.0,1.0,True,0.0
uniform,0,LiTs-059,1.0,1.0,True,0.0
uniform,0,LiTs-066,1.0,1.0,True,0.0
uniform,0,LiTs-067,0.013541194909935826,0.0135411949099358,True,2.6020852139652106e-17
uniform,0,LiTs-076,0.5933607200949346,0.5933607200949346,True,0.0
uniform,0,LiTs-082,0.2200917662980802,0.2200917662980802,True,0.0
uniform,0,LiTs-083,0.14285714285714285,0.1428571428571428,True,5.551115123125783e-17
uniform,0,LiTs-086,0.314880130667631,0.314880130667631,True,0.0
uniform,0,LiTs-087,0.0,0.0,True,0.0
uniform,0,LiTs-089,0.0,0.0,True,0.0
uniform,0,LiTs-102,0.5473983622993501,0.5473983622993501,True,0.0
uniform,0,LiTs-104,1.0,1.0,True,0.0
uniform,0,LiTs-105,1.0,1.0,True,0.0
uniform,0,LiTs-111,0.3545976515263016,0.3545976515263015,True,1.1102230246251565e-16
uniform,0,LiTs-128,0.5803013296579812,0.5803013296579812,True,0.0
uniform,0,LiTs-130,1.0,1.0,True,0.0
uniform,0,pancreas_001,1.0,1.0,True,0.0
uniform,0,pancreas_012,0.21306158485699,0.21306158485699,True,0.0
uniform,0,pancreas_042,0.0,0.0,True,0.0
uniform,0,pancreas_058,0.0,0.0,True,0.0
uniform,0,pancreas_077,0.0,0.0,True,0.0
uniform,0,pancreas_080,0.5668339904824009,0.5668339904824009,True,0.0
uniform,0,pancreas_081,0.3425479501917774,0.3425479501917774,True,0.0
uniform,0,pancreas_084,1.0,1.0,True,0.0
uniform,0,pancreas_086,0.8515543142729491,0.8515543142729491,True,0.0
uniform,0,pancreas_089,0.7221746306981014,0.7221746306981013,True,1.1102230246251565e-16
uniform,0,pancreas_091,1.0,1.0,True,0.0
uniform,0,pancreas_092,0.21819512777735,0.21819512777735,True,0.0
uniform,0,pancreas_094,1.0,1.0,True,0.0
uniform,0,pancreas_104,0.14285714285714285,0.1428571428571428,True,5.551115123125783e-17
uniform,0,pancreas_110,1.0,1.0,True,0.0
uniform,0,pancreas_113,0.9371166382005486,0.9371166382005486,True,0.0
uniform,0,pancreas_114,0.0,0.0,True,0.0
uniform,0,pancreas_117,0.4309322110679313,0.4309322110679313,True,0.0
uniform,0,pancreas_119,0.94546789582947,0.94546789582947,True,0.0
uniform,0,pancreas_120,0.0,0.0,True,0.0
uniform,0,pancreas_124,0.9363792118010483,0.9363792118010484,True,1.1102230246251565e-16
uniform,0,pancreas_130,0.31708532520472715,0.3170853252047271,True,5.551115123125783e-17
uniform,0,pancreas_131,0.31708532520472715,0.3170853252047271,True,5.551115123125783e-17
uniform,0,pancreas_159,0.15090863280404943,0.1509086328040494,True,2.7755575615628914e-17
uniform,0,pancreas_169,0.0,0.0,True,0.0
uniform,0,pancreas_186,0.31708532520472715,0.3170853252047271,True,5.551115123125783e-17
uniform,0,pancreas_193,0.637161318481177,0.637161318481177,True,0.0
uniform,0,pancreas_199,0.0,0.0,True,0.0
uniform,0,pancreas_204,0.0,0.0,True,0.0
uniform,0,pancreas_207,0.0,0.0,True,0.0
uniform,0,pancreas_213,0.0,0.0,True,0.0
uniform,0,pancreas_214,0.0,0.0,True,0.0
uniform,0,pancreas_229,0.0,0.0,True,0.0
uniform,0,pancreas_244,1.0,1.0,True,0.0
uniform,0,pancreas_246,1.0,1.0,True,0.0
uniform,0,pancreas_255,0.41939799988819826,0.4193979998881982,True,5.551115123125783e-17
uniform,0,pancreas_258,1.0,1.0,True,0.0
uniform,0,pancreas_266,0.6261043923059076,0.6261043923059076,True,0.0
uniform,0,pancreas_269,0.24789885215535917,0.2478988521553591,True,8.326672684688674e-17
uniform,0,pancreas_280,1.0,1.0,True,0.0
uniform,0,pancreas_283,1.0,1.0,True,0.0
uniform,0,pancreas_289,0.0,0.0,True,0.0
uniform,0,pancreas_294,0.5637884576902256,0.5637884576902256,True,0.0
uniform,0,pancreas_297,0.0,0.0,True,0.0
uniform,0,pancreas_300,0.0,0.0,True,0.0
uniform,0,pancreas_303,0.0,0.0,True,0.0
uniform,0,pancreas_304,0.01048056029990858,0.0104805602999085,True,7.979727989493313e-17
uniform,0,pancreas_315,0.09031040361479109,0.090310403614791,True,9.71445146547012e-17
uniform,0,pancreas_328,0.0,0.0,True,0.0
uniform,0,pancreas_329,0.5672274908036508,0.5672274908036508,True,0.0
uniform,0,pancreas_334,0.0,0.0,True,0.0
uniform,0,pancreas_345,0.3354257508767642,0.3354257508767642,True,0.0
uniform,0,pancreas_364,0.31708532520472715,0.3170853252047271,True,5.551115123125783e-17
uniform,0,pancreas_366,0.0,0.0,True,0.0
uniform,0,pancreas_372,1.0,1.0,True,0.0
uniform,0,pancreas_377,0.685035554235118,0.685035554235118,True,0.0
uniform,0,pancreas_386,0.0,0.0,True,0.0
uniform,0,pancreas_387,0.14285714285714285,0.1428571428571428,True,5.551115123125783e-17
uniform,0,pancreas_391,1.0,1.0,True,0.0
uniform,0,pancreas_409,0.0,0.0,True,0.0
