stratum,family,query_id,query_source,method,n_candidates,n_comparable,n_incomparable,incomparable_rate
same-source,primary,Q0000,msd_pancreas,MissingnessIndicators,280,280,0,0.0
same-source,primary,Q0000,msd_pancreas,OAKG,280,280,0,0.0
same-source,primary,Q0000,msd_pancreas,OAKG-Union,280,280,0,0.0
same-source,primary,Q0000,msd_pancreas,WL,280,280,0,0.0
same-source,primary,Q0000,msd_pancreas,ZeroImputation,280,280,0,0.0
same-source,primary,Q0001,msd_pancreas,MissingnessIndicators,280,280,0,0.0
same-source,primary,Q0001,msd_pancreas,OAKG,280,280,0,0.0
same-source,primary,Q0001,msd_pancreas,OAKG-Union,280,280,0,0.0
same-source,primary,Q0001,msd_pancreas,WL,280,280,0,0.0
same-source,primary,Q0001,msd_pancreas,ZeroImputation,280,280,0,0.0
same-source,primary,Q0002,msd_pancreas,MissingnessIndicators,280,280,0,0.0
same-source,primary,Q0002,msd_pancreas,OAKG,280,280,0,0.0
same-source,primary,Q0002,msd_pancreas,OAKG-Union,280,280,0,0.0
same-source,primary,Q0002,msd_pancreas,WL,280,280,0,0.0
same-source,primary,Q0002,msd_pancreas,ZeroImputation,280,280,0,0.0
same-source,primary,Q0003,msd_pancreas,MissingnessIndicators,280,280,0,0.0
same-source,primary,Q0003,msd_pancreas,OAKG,280,280,0,0.0
same-source,primary,Q0003,msd_pancreas,OAKG-Union,280,280,0,0.0
same-source,primary,Q0003,msd_pancreas,WL,280,280,0,0.0
same-source,primary,Q0003,msd_pancreas,ZeroImputation,280,280,0,0.0
same-source,primary,Q0004,msd_pancreas,MissingnessIndicators,280,280,0,0.0
same-source,primary,Q0004,msd_pancreas,OAKG,280,280,0,0.0
same-source,primary,Q0004,msd_pancreas,OAKG-Union,280,280,0,0.0
same-source,primary,Q0004,msd_pancreas,WL,280,280,0,0.0
same-source,primary,Q0004,msd_pancreas,ZeroImputation,280,280,0,0.0
same-source,primary,Q0005,msd_pancreas,MissingnessIndicators,280,280,0,0.0
same-source,primary,Q0005,msd_pancreas,OAKG,280,280,0,0.0
same-source,primary,Q0005,msd_pancreas,OAKG-Union,280,280,0,0.0
same-source,primary,Q0005,msd_pancreas,WL,280,280,0,0.0
same-source,primary,Q0005,msd_pancreas,ZeroImputation,280,280,0,0.0
same-source,primary,Q0006,msd_pancreas,MissingnessIndicators,280,280,0,0.0
same-source,primary,Q0006,msd_pancreas,OAKG,280,280,0,0.0
same-source,primary,Q0006,msd_pancreas,OAKG-Union,280,280,0,0.0
same-source,primary,Q0006,msd_pancreas,WL,280,280,0,0.0
same-source,primary,Q0006,msd_pancreas,ZeroImputation,280,280,0,0.0
same-source,primary,Q0007,msd_pancreas,MissingnessIndicators,280,280,0,0.0
same-source,primary,Q0007,msd_pancreas,OAKG,280,280,0,0.0
same-source,primary,Q0007,msd_pancreas,OAKG-Union,280,280,0,0.0
same-source,primary,Q0007,msd_pancreas,WL,280,280,0,0.0
same-source,primary,Q0007,msd_pancreas,ZeroImputation,280,280,0,0.0
same-source,primary,Q0008,msd_pancreas,MissingnessIndicators,280,280,0,0.0
same-source,primary,Q0008,msd_pancreas,OAKG,280,280,0,0.0
same-source,primary,Q0008,msd_pancreas,OAKG-Union,280,280,0,0.0
same-source,primary,Q0008,msd_pancreas,WL,280,280,0,0.0
same-source,primary,Q0008,msd_pancreas,ZeroImputation,280,280,0,0.0
same-source,primary,Q0009,msd_pancreas,MissingnessIndicators,280,280,0,0.0
same-source,primary,Q0009,msd_pancreas,OAKG,280,280,0,0.0
same-source,primary,Q0009,msd_pancreas,OAKG-Union,280,280,0,0.0
same-source,primary,Q0009,msd_pancreas,WL,280,280,0,0.0
same-source,primary,Q0009,msd_pancreas,ZeroImputation,280,280,0,0.0
same-source,primary,Q0010,msd_pancreas,MissingnessIndicators,280,280,0,0.0
same-source,primary,Q0010,msd_pancreas,OAKG,280,280,0,0.0
same-source,primary,Q0010,msd_pancreas,OAKG-Union,280,280,0,0.0
same-source,primary,Q0010,msd_pancreas,WL,280,280,0,0.0
same-source,primary,Q0010,msd_pancreas,ZeroImputation,280,280,0,0.0
same-source,primary,Q0011,msd_pancreas,MissingnessIndicators,280,280,0,0.0
same-source,primary,Q0011,msd_pancreas,OAKG,280,280,0,0.0
same-source,primary,Q0011,msd_pancreas,OAKG-Union,280,280,0,0.0
same-source,primary,Q0011,msd_pancreas,WL,280,280,0,0.0
same-source,primary,Q0011,msd_pancreas,ZeroImputation,280,280,0,0.0
same-source,primary,Q0012,msd_pancreas,MissingnessIndicators,280,280,0,0.0
same-source,primary,Q0012,msd_pancreas,OAKG,280,280,0,0.0
same-source,primary,Q0012,msd_pancreas,OAKG-Union,280,280,0,0.0
same-source,primary,Q0012,msd_pancreas,WL,280,280,0,0.0
same-source,primary,Q0012,msd_pancreas,ZeroImputation,280,280,0,0.0
same-source,primary,Q0013,msd_pancreas,MissingnessIndicators,280,280,0,0.0
same-source,primary,Q0013,msd_pancreas,OAKG,280,280,0,0.0
same-source,primary,Q0013,msd_pancreas,OAKG-Union,280,280,0,0.0
same-source,primary,Q0013,msd_pancreas,WL,280,280,0,0.0
same-source,primary,Q0013,msd_pancreas,ZeroImputation,280,280,0,0.0
same-source,primary,Q0014,msd_pancreas,MissingnessIndicators,280,280,0,0.0
same-source,primary,Q0014,msd_pancreas,OAKG,280,280,0,0.0
same-source,primary,Q0014,msd_pancreas,OAKG-Union,280,280,0,0.0
same-source,primary,Q0014,msd_pancreas,WL,280,280,0,0.0
same-source,primary,Q0014,msd_pancreas,ZeroImputation,280,280,0,0.0
same-source,primary,Q0015,msd_pancreas,MissingnessIndicators,280,280,0,0.0
same-source,primary,Q0015,msd_pancreas,OAKG,280,280,0,0.0
same-source,primary,Q0015,msd_pancreas,OAKG-Union,280,280,0,0.0
same-source,primary,Q0015,msd_pancreas,WL,280,280,0,0.0
same-source,primary,Q0015,msd_pancreas,ZeroImputation,280,280,0,0.0
same-source,primary,Q0016,msd_pancreas,MissingnessIndicators,280,280,0,0.0
same-source,primary,Q0016,msd_pancreas,OAKG,280,280,0,0.0
same-source,primary,Q0016,msd_pancreas,OAKG-Union,280,280,0,0.0
same-source,primary,Q0016,msd_pancreas,WL,280,280,0,0.0
same-source,primary,Q0016,msd_pancreas,ZeroImputation,280,280,0,0.0
same-source,primary,Q0017,msd_pancreas,MissingnessIndicators,280,280,0,0.0
same-source,primary,Q0017,msd_pancreas,OAKG,280,280,0,0.0
same-source,primary,Q0017,msd_pancreas,OAKG-Union,280,280,0,0.0
same-source,primary,Q0017,msd_pancreas,WL,280,280,0,0.0
same-source,primary,Q0017,msd_pancreas,ZeroImputation,280,280,0,0.0
same-source,primary,Q0018,msd_pancreas,MissingnessIndicators,280,280,0,0.0
same-source,primary,Q0018,msd_pancreas,OAKG,280,280,0,0.0
same-source,primary,Q0018,msd_pancreas,OAKG-Union,280,280,0,0.0
same-source,primary,Q0018,msd_pancreas,WL,280,280,0,0.0
same-source,primary,Q0018,msd_pancreas,ZeroImputation,280,280,0,0.0
same-source,primary,Q0019,msd_pancreas,MissingnessIndicators,280,280,0,0.0
same-source,primary,Q0019,msd_pancreas,OAKG,280,280,0,0.0
same-source,primary,Q0019,msd_pancreas,OAKG-Union,280,280,0,0.0
same-source,primary,Q0019,msd_pancreas,WL,280,280,0,0.0
same-source,primary,Q0019,msd_pancreas,ZeroImputation,280,280,0,0.0
same-source,primary,Q0020,msd_pancreas,MissingnessIndicators,280,280,0,0.0
same-source,primary,Q0020,msd_pancreas,OAKG,280,280,0,0.0
same-source,primary,Q0020,msd_pancreas,OAKG-Union,280,280,0,0.0
same-source,primary,Q0020,msd_pancreas,WL,280,280,0,0.0
same-source,primary,Q0020,msd_pancreas,ZeroImputation,280,280,0,0.0
same-source,primary,Q0021,msd_pancreas,MissingnessIndicators,280,280,0,0.0
same-source,primary,Q0021,msd_pancreas,OAKG,280,280,0,0.0
same-source,primary,Q0021,msd_pancreas,OAKG-Union,280,280,0,0.0
same-source,primary,Q0021,msd_pancreas,WL,280,280,0,0.0
same-source,primary,Q0021,msd_pancreas,ZeroImputation,280,280,0,0.0
same-source,primary,Q0022,msd_pancreas,MissingnessIndicators,280,280,0,0.0
same-source,primary,Q0022,msd_pancreas,OAKG,280,280,0,0.0
same-source,primary,Q0022,msd_pancreas,OAKG-Union,280,280,0,0.0
same-source,primary,Q0022,msd_pancreas,WL,280,280,0,0.0
same-source,primary,Q0022,msd_pancreas,ZeroImputation,280,280,0,0.0
same-source,primary,Q0023,msd_pancreas,MissingnessIndicators,280,280,0,0.0
same-source,primary,Q0023,msd_pancreas,OAKG,280,280,0,0.0
same-source,primary,Q0023,msd_pancreas,OAKG-Union,280,280,0,0.0
same-source,primary,Q0023,msd_pancreas,WL,280,280,0,0.0
same-source,primary,Q0023,msd_pancreas,ZeroImputation,280,280,0,0.0
same-source,primary,Q0024,msd_pancreas,MissingnessIndicators,280,280,0,0.0
same-source,primary,Q0024,msd_pancreas,OAKG,280,280,0,0.0
same-source,primary,Q0024,msd_pancreas,OAKG-Union,280,280,0,0.0
same-source,primary,Q0024,msd_pancreas,WL,280,280,0,0.0
same-source,primary,Q0024,msd_pancreas,ZeroImputation,280,280,0,0.0
same-source,primary,Q0025,msd_pancreas,MissingnessIndicators,280,280,0,0.0
same-source,primary,Q0025,msd_pancreas,OAKG,280,280,0,0.0
same-source,primary,Q0025,msd_pancreas,OAKG-Union,280,280,0,0.0
same-source,primary,Q0025,msd_pancreas,WL,280,280,0,0.0
same-source,primary,Q0025,msd_pancreas,ZeroImputation,280,280,0,0.0
same-source,primary,Q0026,msd_pancreas,MissingnessIndicators,280,280,0,0.0
same-source,primary,Q0026,msd_pancreas,OAKG,280,280,0,0.0
same-source,primary,Q0026,msd_pancreas,OAKG-Union,280,280,0,0.0
same-source,primary,Q0026,msd_pancreas,WL,280,280,0,0.0
same-source,primary,Q0026,msd_pancreas,ZeroImputation,280,280,0,0.0
same-source,primary,Q0027,msd_pancreas,MissingnessIndicators,280,280,0,0.0
same-source,primary,Q0027,msd_pancreas,OAKG,280,280,0,0.0
same-source,primary,Q0027,msd_pancreas,OAKG-Union,280,280,0,0.0
same-source,primary,Q0027,msd_pancreas,WL,280,280,0,0.0
same-source,primary,Q0027,msd_pancreas,ZeroImputation,280,280,0,0.0
same-source,primary,Q0028,msd_pancreas,MissingnessIndicators,280,280,0,0.0
same-source,primary,Q0028,msd_pancreas,OAKG,280,280,0,0.0
same-source,primary,Q0028,msd_pancreas,OAKG-Union,280,280,0,0.0
same-source,primary,Q0028,msd_pancreas,WL,280,280,0,0.0
same-source,primary,Q0028,msd_pancreas,ZeroImputation,280,280,0,0.0
same-source,primary,Q0029,msd_pancreas,MissingnessIndicators,280,280,0,0.0
same-source,primary,Q0029,msd_pancreas,OAKG,280,280,0,0.0
same-source,primary,Q0029,msd_pancreas,OAKG-Union,280,280,0,0.0
same-source,primary,Q0029,msd_pancreas,WL,280,280,0,0.0
same-source,primary,Q0029,msd_pancreas,ZeroImputation,280,280,0,0.0
same-source,primary,Q0030,msd_pancreas,MissingnessIndicators,280,280,0,0.0
same-source,primary,Q0030,msd_pancreas,OAKG,280,280,0,0.0
same-source,primary,Q0030,msd_pancreas,OAKG-Union,280,280,0,0.0
same-source,primary,Q0030,msd_pancreas,WL,280,280,0,0.0
same-source,primary,Q0030,msd_pancreas,ZeroImputation,280,280,0,0.0
same-source,primary,Q0031,msd_pancreas,MissingnessIndicators,280,280,0,0.0
same-source,primary,Q0031,msd_pancreas,OAKG,280,280,0,0.0
same-source,primary,Q0031,msd_pancreas,OAKG-Union,280,280,0,0.0
same-source,primary,Q0031,msd_pancreas,WL,280,280,0,0.0
same-source,primary,Q0031,msd_pancreas,ZeroImputation,280,280,0,0.0
same-source,primary,Q0032,msd_pancreas,MissingnessIndicators,280,280,0,0.0
same-source,primary,Q0032,msd_pancreas,OAKG,280,280,0,0.0
same-source,primary,Q0032,msd_pancreas,OAKG-Union,280,280,0,0.0
same-source,primary,Q0032,msd_pancreas,WL,280,280,0,0.0
same-source,primary,Q0032,msd_pancreas,ZeroImputation,280,280,0,0.0
same-source,primary,Q0033,msd_pancreas,MissingnessIndicators,280,280,0,0.0
same-source,primary,Q0033,msd_pancreas,OAKG,280,280,0,0.0
same-source,primary,Q0033,msd_pancreas,OAKG-Union,280,280,0,0.0
same-source,primary,Q0033,msd_pancreas,WL,280,280,0,0.0
same-source,primary,Q0033,msd_pancreas,ZeroImputation,280,280,0,0.0
same-source,primary,Q0034,msd_pancreas,MissingnessIndicators,280,280,0,0.0
same-source,primary,Q0034,msd_pancreas,OAKG,280,280,0,0.0
same-source,primary,Q0034,msd_pancreas,OAKG-Union,280,280,0,0.0
same-source,primary,Q0034,msd_pancreas,WL,280,280,0,0.0
same-source,primary,Q0034,msd_pancreas,ZeroImputation,280,280,0,0.0
same-source,primary,Q0035,msd_pancreas,MissingnessIndicators,280,280,0,0.0
same-source,primary,Q0035,msd_pancreas,OAKG,280,280,0,0.0
same-source,primary,Q0035,msd_pancreas,OAKG-Union,280,280,0,0.0
same-source,primary,Q0035,msd_pancreas,WL,280,280,0,0.0
same-source,primary,Q0035,msd_pancreas,ZeroImputation,280,280,0,0.0
same-source,primary,Q0036,msd_pancreas,MissingnessIndicators,280,280,0,0.0
same-source,primary,Q0036,msd_pancreas,OAKG,280,280,0,0.0
same-source,primary,Q0036,msd_pancreas,OAKG-Union,280,280,0,0.0
same-source,primary,Q0036,msd_pancreas,WL,280,280,0,0.0
same-source,primary,Q0036,msd_pancreas,ZeroImputation,280,280,0,0.0
same-source,primary,Q0037,msd_pancreas,MissingnessIndicators,280,280,0,0.0
same-source,primary,Q0037,msd_pancreas,OAKG,280,280,0,0.0
same-source,primary,Q0037,msd_pancreas,OAKG-Union,280,280,0,0.0
same-source,primary,Q0037,msd_pancreas,WL,280,280,0,0.0
same-source,primary,Q0037,msd_pancreas,ZeroImputation,280,280,0,0.0
same-source,primary,Q0038,msd_pancreas,MissingnessIndicators,280,280,0,0.0
same-source,primary,Q0038,msd_pancreas,OAKG,280,280,0,0.0
same-source,primary,Q0038,msd_pancreas,OAKG-Union,280,280,0,0.0
same-source,primary,Q0038,msd_pancreas,WL,280,280,0,0.0
same-source,primary,Q0038,msd_pancreas,ZeroImputation,280,280,0,0.0
same-source,primary,Q0039,msd_pancreas,MissingnessIndicators,280,280,0,0.0
same-source,primary,Q0039,msd_pancreas,OAKG,280,280,0,0.0
same-source,primary,Q0039,msd_pancreas,OAKG-Union,280,280,0,0.0
same-source,primary,Q0039,msd_pancreas,WL,280,280,0,0.0
same-source,primary,Q0039,msd_pancreas,ZeroImputation,280,280,0,0.0
same-source,primary,Q0040,msd_pancreas,MissingnessIndicators,280,280,0,0.0
same-source,primary,Q0040,msd_pancreas,OAKG,280,280,0,0.0
same-source,primary,Q0040,msd_pancreas,OAKG-Union,280,280,0,0.0
same-source,primary,Q0040,msd_pancreas,WL,280,280,0,0.0
same-source,primary,Q0040,msd_pancreas,ZeroImputation,280,280,0,0.0
same-source,primary,Q0041,msd_pancreas,MissingnessIndicators,280,280,0,0.0
same-source,primary,Q0041,msd_pancreas,OAKG,280,280,0,0.0
same-source,primary,Q0041,msd_pancreas,OAKG-Union,280,280,0,0.0
same-source,primary,Q0041,msd_pancreas,WL,280,280,0,0.0
same-source,primary,Q0041,msd_pancreas,ZeroImputation,280,280,0,0.0
same-source,primary,Q0042,msd_pancreas,MissingnessIndicators,280,280,0,0.0
same-source,primary,Q0042,msd_pancreas,OAKG,280,280,0,0.0
same-source,primary,Q0042,msd_pancreas,OAKG-Union,280,280,0,0.0
same-source,primary,Q0042,msd_pancreas,WL,280,280,0,0.0
same-source,primary,Q0042,msd_pancreas,ZeroImputation,280,280,0,0.0
same-source,primary,Q0043,msd_pancreas,MissingnessIndicators,280,280,0,0.0
same-source,primary,Q0043,msd_pancreas,OAKG,280,280,0,0.0
same-source,primary,Q0043,msd_pancreas,OAKG-Union,280,280,0,0.0
same-source,primary,Q0043,msd_pancreas,WL,280,280,0,0.0
same-source,primary,Q0043,msd_pancreas,ZeroImputation,280,280,0,0.0
same-source,primary,Q0044,msd_pancreas,MissingnessIndicators,280,280,0,0.0
same-source,primary,Q0044,msd_pancreas,OAKG,280,280,0,0.0
same-source,primary,Q0044,msd_pancreas,OAKG-Union,280,280,0,0.0
same-source,primary,Q0044,msd_pancreas,WL,280,280,0,0.0
same-source,primary,Q0044,msd_pancreas,ZeroImputation,280,280,0,0.0
same-source,primary,Q0045,msd_pancreas,MissingnessIndicators,280,280,0,0.0
same-source,primary,Q0045,msd_pancreas,OAKG,280,280,0,0.0
same-source,primary,Q0045,msd_pancreas,OAKG-Union,280,280,0,0.0
same-source,primary,Q0045,msd_pancreas,WL,280,280,0,0.0
same-source,primary,Q0045,msd_pancreas,ZeroImputation,280,280,0,0.0
same-source,primary,Q0046,msd_pancreas,MissingnessIndicators,280,280,0,0.0
same-source,primary,Q0046,msd_pancreas,OAKG,280,280,0,0.0
same-source,primary,Q0046,msd_pancreas,OAKG-Union,280,280,0,0.0
same-source,primary,Q0046,msd_pancreas,WL,280,280,0,0.0
same-source,primary,Q0046,msd_pancreas,ZeroImputation,280,280,0,0.0
same-source,primary,Q0047,msd_pancreas,MissingnessIndicators,280,280,0,0.0
same-source,primary,Q0047,msd_pancreas,OAKG,280,280,0,0.0
same-source,primary,Q0047,msd_pancreas,OAKG-Union,280,280,0,0.0
same-source,primary,Q0047,msd_pancreas,WL,280,280,0,0.0
same-source,primary,Q0047,msd_pancreas,ZeroImputation,280,280,0,0.0
same-source,primary,Q0048,msd_pancreas,MissingnessIndicators,280,280,0,0.0
same-source,primary,Q0048,msd_pancreas,OAKG,280,280,0,0.0
same-source,primary,Q0048,msd_pancreas,OAKG-Union,280,280,0,0.0
same-source,primary,Q0048,msd_pancreas,WL,280,280,0,0.0
same-source,primary,Q0048,msd_pancreas,ZeroImputation,280,280,0,0.0
same-source,primary,Q0049,msd_pancreas,MissingnessIndicators,280,280,0,0.0
same-source,primary,Q0049,msd_pancreas,OAKG,280,280,0,0.0
same-source,primary,Q0049,msd_pancreas,OAKG-Union,280,280,0,0.0
same-source,primary,Q0049,msd_pancreas,WL,280,280,0,0.0
same-source,primary,Q0049,msd_pancreas,ZeroImputation,280,280,0,0.0
same-source,primary,Q0050,msd_pancreas,MissingnessIndicators,280,280,0,0.0
same-source,primary,Q0050,msd_pancreas,OAKG,280,280,0,0.0
same-source,primary,Q0050,msd_pancreas,OAKG-Union,280,280,0,0.0
same-source,primary,Q0050,msd_pancreas,WL,280,280,0,0.0
same-source,primary,Q0050,msd_pancreas,ZeroImputation,280,280,0,0.0
same-source,primary,Q0051,msd_pancreas,MissingnessIndicators,280,280,0,0.0
same-source,primary,Q0051,msd_pancreas,OAKG,280,280,0,0.0
same-source,primary,Q0051,msd_pancreas,OAKG-Union,280,280,0,0.0
same-source,primary,Q0051,msd_pancreas,WL,280,280,0,0.0
same-source,primary,Q0051,msd_pancreas,ZeroImputation,280,280,0,0.0
same-source,primary,Q0052,msd_pancreas,MissingnessIndicators,280,280,0,0.0
same-source,primary,Q0052,msd_pancreas,OAKG,280,280,0,0.0
same-source,primary,Q0052,msd_pancreas,OAKG-Union,280,280,0,0.0
same-source,primary,Q0052,msd_pancreas,WL,280,280,0,0.0
same-source,primary,Q0052,msd_pancreas,ZeroImputation,280,280,0,0.0
same-source,primary,Q0053,msd_pancreas,MissingnessIndicators,280,280,0,0.0
same-source,primary,Q0053,msd_pancreas,OAKG,280,280,0,0.0
same-source,primary,Q0053,msd_pancreas,OAKG-Union,280,280,0,0.0
same-source,primary,Q0053,msd_pancreas,WL,280,280,0,0.0
same-source,primary,Q0053,msd_pancreas,ZeroImputation,280,280,0,0.0
same-source,primary,Q0054,msd_pancreas,MissingnessIndicators,280,280,0,0.0
same-source,primary,Q0054,msd_pancreas,OAKG,280,280,0,0.0
same-source,primary,Q0054,msd_pancreas,OAKG-Union,280,280,0,0.0
same-source,primary,Q0054,msd_pancreas,WL,280,280,0,0.0
same-source,primary,Q0054,msd_pancreas,ZeroImputation,280,280,0,0.0
same-source,primary,Q0055,msd_pancreas,MissingnessIndicators,280,280,0,0.0
same-source,primary,Q0055,msd_pancreas,OAKG,280,280,0,0.0
same-source,primary,Q0055,msd_pancreas,OAKG-Union,280,280,0,0.0
same-source,primary,Q0055,msd_pancreas,WL,280,280,0,0.0
same-source,primary,Q0055,msd_pancreas,ZeroImputation,280,280,0,0.0
same-source,primary,Q0056,msd_pancreas,MissingnessIndicators,280,280,0,0.0
same-source,primary,Q0056,msd_pancreas,OAKG,280,280,0,0.0
same-source,primary,Q0056,msd_pancreas,OAKG-Union,280,280,0,0.0
same-source,primary,Q0056,msd_pancreas,WL,280,280,0,0.0
same-source,primary,Q0056,msd_pancreas,ZeroImputation,280,280,0,0.0
same-source,primary,Q0057,msd_pancreas,MissingnessIndicators,280,280,0,0.0
same-source,primary,Q0057,msd_pancreas,OAKG,280,280,0,0.0
same-source,primary,Q0057,msd_pancreas,OAKG-Union,280,280,0,0.0
same-source,primary,Q0057,msd_pancreas,WL,280,280,0,0.0
same-source,primary,Q0057,msd_pancreas,ZeroImputation,280,280,0,0.0
same-source,primary,Q0058,msd_pancreas,MissingnessIndicators,280,280,0,0.0
same-source,primary,Q0058,msd_pancreas,OAKG,280,280,0,0.0
same-source,primary,Q0058,msd_pancreas,OAKG-Union,280,280,0,0.0
same-source,primary,Q0058,msd_pancreas,WL,280,280,0,0.0
same-source,primary,Q0058,msd_pancreas,ZeroImputation,280,280,0,0.0
same-source,primary,Q0059,msd_pancreas,MissingnessIndicators,280,280,0,0.0
same-source,primary,Q0059,msd_pancreas,OAKG,280,280,0,0.0
same-source,primary,Q0059,msd_pancreas,OAKG-Union,280,280,0,0.0
same-source,primary,Q0059,msd_pancreas,WL,280,280,0,0.0
same-source,primary,Q0059,msd_pancreas,ZeroImputation,280,280,0,0.0
same-source,primary,Q0060,lits,MissingnessIndicators,130,130,0,0.0
same-source,primary,Q0060,lits,OAKG,130,130,0,0.0
same-source,primary,Q0060,lits,OAKG-Union,130,130,0,0.0
same-source,primary,Q0060,lits,WL,130,130,0,0.0
same-source,primary,Q0060,lits,ZeroImputation,130,130,0,0.0
same-source,primary,Q0061,lits,MissingnessIndicators,130,130,0,0.0
same-source,primary,Q0061,lits,OAKG,130,130,0,0.0
same-source,primary,Q0061,lits,OAKG-Union,130,130,0,0.0
same-source,primary,Q0061,lits,WL,130,130,0,0.0
same-source,primary,Q0061,lits,ZeroImputation,130,130,0,0.0
same-source,primary,Q0062,lits,MissingnessIndicators,130,130,0,0.0
same-source,primary,Q0062,lits,OAKG,130,130,0,0.0
same-source,primary,Q0062,lits,OAKG-Union,130,130,0,0.0
same-source,primary,Q0062,lits,WL,130,130,0,0.0
same-source,primary,Q0062,lits,ZeroImputation,130,130,0,0.0
same-source,primary,Q0063,lits,MissingnessIndicators,130,130,0,0.0
same-source,primary,Q0063,lits,OAKG,130,130,0,0.0
same-source,primary,Q0063,lits,OAKG-Union,130,130,0,0.0
same-source,primary,Q0063,lits,WL,130,130,0,0.0
same-source,primary,Q0063,lits,ZeroImputation,130,130,0,0.0
same-source,primary,Q0064,lits,MissingnessIndicators,130,130,0,0.0
same-source,primary,Q0064,lits,OAKG,130,130,0,0.0
same-source,primary,Q0064,lits,OAKG-Union,130,130,0,0.0
same-source,primary,Q0064,lits,WL,130,130,0,0.0
same-source,primary,Q0064,lits,ZeroImputation,130,130,0,0.0
same-source,primary,Q0065,lits,MissingnessIndicators,130,130,0,0.0
same-source,primary,Q0065,lits,OAKG,130,130,0,0.0
same-source,primary,Q0065,lits,OAKG-Union,130,130,0,0.0
same-source,primary,Q0065,lits,WL,130,130,0,0.0
same-source,primary,Q0065,lits,ZeroImputation,130,130,0,0.0
same-source,primary,Q0066,lits,MissingnessIndicators,130,130,0,0.0
same-source,primary,Q0066,lits,OAKG,130,130,0,0.0
same-source,primary,Q0066,lits,OAKG-Union,130,130,0,0.0
same-source,primary,Q0066,lits,WL,130,130,0,0.0
same-source,primary,Q0066,lits,ZeroImputation,130,130,0,0.0
same-source,primary,Q0067,lits,MissingnessIndicators,130,130,0,0.0
same-source,primary,Q0067,lits,OAKG,130,130,0,0.0
same-source,primary,Q0067,lits,OAKG-Union,130,130,0,0.0
same-source,primary,Q0067,lits,WL,130,130,0,0.0
same-source,primary,Q0067,lits,ZeroImputation,130,130,0,0.0
same-source,primary,Q0068,lits,MissingnessIndicators,130,130,0,0.0
same-source,primary,Q0068,lits,OAKG,130,130,0,0.0
same-source,primary,Q0068,lits,OAKG-Union,130,130,0,0.0
same-source,primary,Q0068,lits,WL,130,130,0,0.0
same-source,primary,Q0068,lits,ZeroImputation,130,130,0,0.0
same-source,primary,Q0069,lits,MissingnessIndicators,130,130,0,0.0
same-source,primary,Q0069,lits,OAKG,130,130,0,0.0
same-source,primary,Q0069,lits,OAKG-Union,130,130,0,0.0
same-source,primary,Q0069,lits,WL,130,130,0,0.0
same-source,primary,Q0069,lits,ZeroImputation,130,130,0,0.0
same-source,primary,Q0070,lits,MissingnessIndicators,130,130,0,0.0
same-source,primary,Q0070,lits,OAKG,130,130,0,0.0
same-source,primary,Q0070,lits,OAKG-Union,130,130,0,0.0
same-source,primary,Q0070,lits,WL,130,130,0,0.0
same-source,primary,Q0070,lits,ZeroImputation,130,130,0,0.0
same-source,primary,Q0071,lits,MissingnessIndicators,130,130,0,0.0
same-source,primary,Q0071,lits,OAKG,130,130,0,0.0
same-source,primary,Q0071,lits,OAKG-Union,130,130,0,0.0
same-source,primary,Q0071,lits,WL,130,130,0,0.0
same-source,primary,Q0071,lits,ZeroImputation,130,130,0,0.0
same-source,primary,Q0072,lits,MissingnessIndicators,130,130,0,0.0
same-source,primary,Q0072,lits,OAKG,130,130,0,0.0
same-source,primary,Q0072,lits,OAKG-Union,130,130,0,0.0
same-source,primary,Q0072,lits,WL,130,130,0,0.0
same-source,primary,Q0072,lits,ZeroImputation,130,130,0,0.0
same-source,primary,Q0073,lits,MissingnessIndicators,130,130,0,0.0
same-source,primary,Q0073,lits,OAKG,130,130,0,0.0
same-source,primary,Q0073,lits,OAKG-Union,130,130,0,0.0
same-source,primary,Q0073,lits,WL,130,130,0,0.0
same-source,primary,Q0073,lits,ZeroImputation,130,130,0,0.0
same-source,primary,Q0074,lits,MissingnessIndicators,130,130,0,0.0
same-source,primary,Q0074,lits,OAKG,130,130,0,0.0
same-source,primary,Q0074,lits,OAKG-Union,130,130,0,0.0
same-source,primary,Q0074,lits,WL,130,130,0,0.0
same-source,primary,Q0074,lits,ZeroImputation,130,130,0,0.0
same-source,primary,Q0075,lits,MissingnessIndicators,130,130,0,0.0
same-source,primary,Q0075,lits,OAKG,130,130,0,0.0
same-source,primary,Q0075,lits,OAKG-Union,130,130,0,0.0
same-source,primary,Q0075,lits,WL,130,130,0,0.0
same-source,primary,Q0075,lits,ZeroImputation,130,130,0,0.0
same-source,primary,Q0076,lits,MissingnessIndicators,130,130,0,0.0
same-source,primary,Q0076,lits,OAKG,130,130,0,0.0
same-source,primary,Q0076,lits,OAKG-Union,130,130,0,0.0
same-source,primary,Q0076,lits,WL,130,130,0,0.0
same-source,primary,Q0076,lits,ZeroImputation,130,130,0,0.0
same-source,primary,Q0077,lits,MissingnessIndicators,130,130,0,0.0
same-source,primary,Q0077,lits,OAKG,130,130,0,0.0
same-source,primary,Q0077,lits,OAKG-Union,130,130,0,0.0
same-source,primary,Q0077,lits,WL,130,130,0,0.0
same-source,primary,Q0077,lits,ZeroImputation,130,130,0,0.0
same-source,primary,Q0078,lits,MissingnessIndicators,130,130,0,0.0
same-source,primary,Q0078,lits,OAKG,130,130,0,0.0
same-source,primary,Q0078,lits,OAKG-Union,130,130,0,0.0
same-source,primary,Q0078,lits,WL,130,130,0,0.0
same-source,primary,Q0078,lits,ZeroImputation,130,130,0,0.0
same-source,primary,Q0079,lits,MissingnessIndicators,130,130,0,0.0
same-source,primary,Q0079,lits,OAKG,130,130,0,0.0
same-source,primary,Q0079,lits,OAKG-Union,130,130,0,0.0
same-source,primary,Q0079,lits,WL,130,130,0,0.0
same-source,primary,Q0079,lits,ZeroImputation,130,130,0,0.0
same-source,primary,Q0080,lits,MissingnessIndicators,130,130,0,0.0
same-source,primary,Q0080,lits,OAKG,130,130,0,0.0
same-source,primary,Q0080,lits,OAKG-Union,130,130,0,0.0
same-source,primary,Q0080,lits,WL,130,130,0,0.0
same-source,primary,Q0080,lits,ZeroImputation,130,130,0,0.0
same-source,primary,Q0081,lits,MissingnessIndicators,130,130,0,0.0
same-source,primary,Q0081,lits,OAKG,130,130,0,0.0
same-source,primary,Q0081,lits,OAKG-Union,130,130,0,0.0
same-source,primary,Q0081,lits,WL,130,130,0,0.0
same-source,primary,Q0081,lits,ZeroImputation,130,130,0,0.0
same-source,primary,Q0082,lits,MissingnessIndicators,130,130,0,0.0
same-source,primary,Q0082,lits,OAKG,130,130,0,0.0
same-source,primary,Q0082,lits,OAKG-Union,130,130,0,0.0
same-source,primary,Q0082,lits,WL,130,130,0,0.0
same-source,primary,Q0082,lits,ZeroImputation,130,130,0,0.0
same-source,primary,Q0083,lits,MissingnessIndicators,130,130,0,0.0
same-source,primary,Q0083,lits,OAKG,130,130,0,0.0
same-source,primary,Q0083,lits,OAKG-Union,130,130,0,0.0
same-source,primary,Q0083,lits,WL,130,130,0,0.0
same-source,primary,Q0083,lits,ZeroImputation,130,130,0,0.0
same-source,primary,Q0084,lits,MissingnessIndicators,130,130,0,0.0
same-source,primary,Q0084,lits,OAKG,130,130,0,0.0
same-source,primary,Q0084,lits,OAKG-Union,130,130,0,0.0
same-source,primary,Q0084,lits,WL,130,130,0,0.0
same-source,primary,Q0084,lits,ZeroImputation,130,130,0,0.0
same-source,primary,Q0085,flare22,MissingnessIndicators,99,99,0,0.0
same-source,primary,Q0085,flare22,OAKG,99,99,0,0.0
same-source,primary,Q0085,flare22,OAKG-Union,99,99,0,0.0
same-source,primary,Q0085,flare22,WL,99,99,0,0.0
same-source,primary,Q0085,flare22,ZeroImputation,99,99,0,0.0
same-source,primary,Q0086,flare22,MissingnessIndicators,99,99,0,0.0
same-source,primary,Q0086,flare22,OAKG,99,99,0,0.0
same-source,primary,Q0086,flare22,OAKG-Union,99,99,0,0.0
same-source,primary,Q0086,flare22,WL,99,99,0,0.0
same-source,primary,Q0086,flare22,ZeroImputation,99,99,0,0.0
same-source,primary,Q0087,flare22,MissingnessIndicators,99,99,0,0.0
same-source,primary,Q0087,flare22,OAKG,99,99,0,0.0
same-source,primary,Q0087,flare22,OAKG-Union,99,99,0,0.0
same-source,primary,Q0087,flare22,WL,99,99,0,0.0
same-source,primary,Q0087,flare22,ZeroImputation,99,99,0,0.0
same-source,primary,Q0088,flare22,MissingnessIndicators,99,99,0,0.0
same-source,primary,Q0088,flare22,OAKG,99,99,0,0.0
same-source,primary,Q0088,flare22,OAKG-Union,99,99,0,0.0
same-source,primary,Q0088,flare22,WL,99,99,0,0.0
same-source,primary,Q0088,flare22,ZeroImputation,99,99,0,0.0
same-source,primary,Q0089,flare22,MissingnessIndicators,99,99,0,0.0
same-source,primary,Q0089,flare22,OAKG,99,99,0,0.0
same-source,primary,Q0089,flare22,OAKG-Union,99,99,0,0.0
same-source,primary,Q0089,flare22,WL,99,99,0,0.0
same-source,primary,Q0089,flare22,ZeroImputation,99,99,0,0.0
same-source,primary,Q0090,flare22,MissingnessIndicators,99,99,0,0.0
same-source,primary,Q0090,flare22,OAKG,99,99,0,0.0
same-source,primary,Q0090,flare22,OAKG-Union,99,99,0,0.0
same-source,primary,Q0090,flare22,WL,99,99,0,0.0
same-source,primary,Q0090,flare22,ZeroImputation,99,99,0,0.0
same-source,primary,Q0091,flare22,MissingnessIndicators,99,99,0,0.0
same-source,primary,Q0091,flare22,OAKG,99,99,0,0.0
same-source,primary,Q0091,flare22,OAKG-Union,99,99,0,0.0
same-source,primary,Q0091,flare22,WL,99,99,0,0.0
same-source,primary,Q0091,flare22,ZeroImputation,99,99,0,0.0
same-source,primary,Q0092,flare22,MissingnessIndicators,99,99,0,0.0
same-source,primary,Q0092,flare22,OAKG,99,99,0,0.0
same-source,primary,Q0092,flare22,OAKG-Union,99,99,0,0.0
same-source,primary,Q0092,flare22,WL,99,99,0,0.0
same-source,primary,Q0092,flare22,ZeroImputation,99,99,0,0.0
same-source,primary,Q0093,flare22,MissingnessIndicators,99,99,0,0.0
same-source,primary,Q0093,flare22,OAKG,99,99,0,0.0
same-source,primary,Q0093,flare22,OAKG-Union,99,99,0,0.0
same-source,primary,Q0093,flare22,WL,99,99,0,0.0
same-source,primary,Q0093,flare22,ZeroImputation,99,99,0,0.0
same-source,primary,Q0094,flare22,MissingnessIndicators,99,99,0,0.0
same-source,primary,Q0094,flare22,OAKG,99,99,0,0.0
same-source,primary,Q0094,flare22,OAKG-Union,99,99,0,0.0
same-source,primary,Q0094,flare22,WL,99,99,0,0.0
same-source,primary,Q0094,flare22,ZeroImputation,99,99,0,0.0
same-source,primary,Q0095,flare22,MissingnessIndicators,99,99,0,0.0
same-source,primary,Q0095,flare22,OAKG,99,99,0,0.0
same-source,primary,Q0095,flare22,OAKG-Union,99,99,0,0.0
same-source,primary,Q0095,flare22,WL,99,99,0,0.0
same-source,primary,Q0095,flare22,ZeroImputation,99,99,0,0.0
same-source,primary,Q0096,flare22,MissingnessIndicators,99,99,0,0.0
same-source,primary,Q0096,flare22,OAKG,99,99,0,0.0
same-source,primary,Q0096,flare22,OAKG-Union,99,99,0,0.0
same-source,primary,Q0096,flare22,WL,99,99,0,0.0
same-source,primary,Q0096,flare22,ZeroImputation,99,99,0,0.0
same-source,primary,Q0097,flare22,MissingnessIndicators,99,99,0,0.0
same-source,primary,Q0097,flare22,OAKG,99,99,0,0.0
same-source,primary,Q0097,flare22,OAKG-Union,99,99,0,0.0
same-source,primary,Q0097,flare22,WL,99,99,0,0.0
same-source,primary,Q0097,flare22,ZeroImputation,99,99,0,0.0
same-source,primary,Q0098,flare22,MissingnessIndicators,99,99,0,0.0
same-source,primary,Q0098,flare22,OAKG,99,99,0,0.0
same-source,primary,Q0098,flare22,OAKG-Union,99,99,0,0.0
same-source,primary,Q0098,flare22,WL,99,99,0,0.0
same-source,primary,Q0098,flare22,ZeroImputation,99,99,0,0.0
same-source,primary,Q0099,flare22,MissingnessIndicators,99,99,0,0.0
same-source,primary,Q0099,flare22,OAKG,99,99,0,0.0
same-source,primary,Q0099,flare22,OAKG-Union,99,99,0,0.0
same-source,primary,Q0099,flare22,WL,99,99,0,0.0
same-source,primary,Q0099,flare22,ZeroImputation,99,99,0,0.0
same-source,primary,Q0100,flare22,MissingnessIndicators,99,99,0,0.0
same-source,primary,Q0100,flare22,OAKG,99,99,0,0.0
same-source,primary,Q0100,flare22,OAKG-Union,99,99,0,0.0
same-source,primary,Q0100,flare22,WL,99,99,0,0.0
same-source,primary,Q0100,flare22,ZeroImputation,99,99,0,0.0
same-source,primary,Q0101,flare22,MissingnessIndicators,99,99,0,0.0
same-source,primary,Q0101,flare22,OAKG,99,99,0,0.0
same-source,primary,Q0101,flare22,OAKG-Union,99,99,0,0.0
same-source,primary,Q0101,flare22,WL,99,99,0,0.0
same-source,primary,Q0101,flare22,ZeroImputation,99,99,0,0.0
same-source,primary,Q0102,flare22,MissingnessIndicators,99,99,0,0.0
same-source,primary,Q0102,flare22,OAKG,99,99,0,0.0
same-source,primary,Q0102,flare22,OAKG-Union,99,99,0,0.0
same-source,primary,Q0102,flare22,WL,99,99,0,0.0
same-source,primary,Q0102,flare22,ZeroImputation,99,99,0,0.0
same-source,primary,Q0103,flare22,MissingnessIndicators,99,99,0,0.0
same-source,primary,Q0103,flare22,OAKG,99,99,0,0.0
same-source,primary,Q0103,flare22,OAKG-Union,99,99,0,0.0
same-source,primary,Q0103,flare22,WL,99,99,0,0.0
same-source,primary,Q0103,flare22,ZeroImputation,99,99,0,0.0
same-source,primary,Q0104,flare22,MissingnessIndicators,99,99,0,0.0
same-source,primary,Q0104,flare22,OAKG,99,99,0,0.0
same-source,primary,Q0104,flare22,OAKG-Union,99,99,0,0.0
same-source,primary,Q0104,flare22,WL,99,99,0,0.0
same-source,primary,Q0104,flare22,ZeroImputation,99,99,0,0.0
same-source,primary,Q0105,flare22,MissingnessIndicators,99,99,0,0.0
same-source,primary,Q0105,flare22,OAKG,99,99,0,0.0
same-source,primary,Q0105,flare22,OAKG-Union,99,99,0,0.0
same-source,primary,Q0105,flare22,WL,99,99,0,0.0
same-source,primary,Q0105,flare22,ZeroImputation,99,99,0,0.0
same-source,primary,Q0106,flare22,MissingnessIndicators,99,99,0,0.0
same-source,primary,Q0106,flare22,OAKG,99,99,0,0.0
same-source,primary,Q0106,flare22,OAKG-Union,99,99,0,0.0
same-source,primary,Q0106,flare22,WL,99,99,0,0.0
same-source,primary,Q0106,flare22,ZeroImputation,99,99,0,0.0
same-source,primary,Q0107,flare22,MissingnessIndicators,99,99,0,0.0
same-source,primary,Q0107,flare22,OAKG,99,99,0,0.0
same-source,primary,Q0107,flare22,OAKG-Union,99,99,0,0.0
same-source,primary,Q0107,flare22,WL,99,99,0,0.0
same-source,primary,Q0107,flare22,ZeroImputation,99,99,0,0.0
same-source,primary,Q0108,flare22,MissingnessIndicators,99,99,0,0.0
same-source,primary,Q0108,flare22,OAKG,99,99,0,0.0
same-source,primary,Q0108,flare22,OAKG-Union,99,99,0,0.0
same-source,primary,Q0108,flare22,WL,99,99,0,0.0
same-source,primary,Q0108,flare22,ZeroImputation,99,99,0,0.0
same-source,primary,Q0109,flare22,MissingnessIndicators,99,99,0,0.0
same-source,primary,Q0109,flare22,OAKG,99,99,0,0.0
same-source,primary,Q0109,flare22,OAKG-Union,99,99,0,0.0
same-source,primary,Q0109,flare22,WL,99,99,0,0.0
same-source,primary,Q0109,flare22,ZeroImputation,99,99,0,0.0
same-source,primary,Q0110,flare22,MissingnessIndicators,99,99,0,0.0
same-source,primary,Q0110,flare22,OAKG,99,99,0,0.0
same-source,primary,Q0110,flare22,OAKG-Union,99,99,0,0.0
same-source,primary,Q0110,flare22,WL,99,99,0,0.0
same-source,primary,Q0110,flare22,ZeroImputation,99,99,0,0.0
cross-source-pooled,primary,Q0017,msd_pancreas,MissingnessIndicators,231,231,0,0.0
cross-source-pooled,primary,Q0017,msd_pancreas,OAKG,231,100,131,0.5670995670995671
cross-source-pooled,primary,Q0017,msd_pancreas,OAKG-Union,231,231,0,0.0
cross-source-pooled,primary,Q0017,msd_pancreas,WL,231,231,0,0.0
cross-source-pooled,primary,Q0017,msd_pancreas,ZeroImputation,231,231,0,0.0
cross-source-pooled,primary,Q0018,msd_pancreas,MissingnessIndicators,231,231,0,0.0
cross-source-pooled,primary,Q0018,msd_pancreas,OAKG,231,100,131,0.5670995670995671
cross-source-pooled,primary,Q0018,msd_pancreas,OAKG-Union,231,231,0,0.0
cross-source-pooled,primary,Q0018,msd_pancreas,WL,231,231,0,0.0
cross-source-pooled,primary,Q0018,msd_pancreas,ZeroImputation,231,231,0,0.0
cross-source-pooled,primary,Q0028,msd_pancreas,MissingnessIndicators,231,231,0,0.0
cross-source-pooled,primary,Q0028,msd_pancreas,OAKG,231,100,131,0.5670995670995671
cross-source-pooled,primary,Q0028,msd_pancreas,OAKG-Union,231,231,0,0.0
cross-source-pooled,primary,Q0028,msd_pancreas,WL,231,231,0,0.0
cross-source-pooled,primary,Q0028,msd_pancreas,ZeroImputation,231,231,0,0.0
cross-source-pooled,primary,Q0030,msd_pancreas,MissingnessIndicators,231,231,0,0.0
cross-source-pooled,primary,Q0030,msd_pancreas,OAKG,231,100,131,0.5670995670995671
cross-source-pooled,primary,Q0030,msd_pancreas,OAKG-Union,231,231,0,0.0
cross-source-pooled,primary,Q0030,msd_pancreas,WL,231,231,0,0.0
cross-source-pooled,primary,Q0030,msd_pancreas,ZeroImputation,231,231,0,0.0
cross-source-pooled,primary,Q0031,msd_pancreas,MissingnessIndicators,231,231,0,0.0
cross-source-pooled,primary,Q0031,msd_pancreas,OAKG,231,100,131,0.5670995670995671
cross-source-pooled,primary,Q0031,msd_pancreas,OAKG-Union,231,231,0,0.0
cross-source-pooled,primary,Q0031,msd_pancreas,WL,231,231,0,0.0
cross-source-pooled,primary,Q0031,msd_pancreas,ZeroImputation,231,231,0,0.0
cross-source-pooled,primary,Q0039,msd_pancreas,MissingnessIndicators,231,231,0,0.0
cross-source-pooled,primary,Q0039,msd_pancreas,OAKG,231,100,131,0.5670995670995671
cross-source-pooled,primary,Q0039,msd_pancreas,OAKG-Union,231,231,0,0.0
cross-source-pooled,primary,Q0039,msd_pancreas,WL,231,231,0,0.0
cross-source-pooled,primary,Q0039,msd_pancreas,ZeroImputation,231,231,0,0.0
cross-source-pooled,primary,Q0041,msd_pancreas,MissingnessIndicators,231,231,0,0.0
cross-source-pooled,primary,Q0041,msd_pancreas,OAKG,231,100,131,0.5670995670995671
cross-source-pooled,primary,Q0041,msd_pancreas,OAKG-Union,231,231,0,0.0
cross-source-pooled,primary,Q0041,msd_pancreas,WL,231,231,0,0.0
cross-source-pooled,primary,Q0041,msd_pancreas,ZeroImputation,231,231,0,0.0
cross-source-pooled,primary,Q0043,msd_pancreas,MissingnessIndicators,231,231,0,0.0
cross-source-pooled,primary,Q0043,msd_pancreas,OAKG,231,100,131,0.5670995670995671
cross-source-pooled,primary,Q0043,msd_pancreas,OAKG-Union,231,231,0,0.0
cross-source-pooled,primary,Q0043,msd_pancreas,WL,231,231,0,0.0
cross-source-pooled,primary,Q0043,msd_pancreas,ZeroImputation,231,231,0,0.0
cross-source-pooled,primary,Q0044,msd_pancreas,MissingnessIndicators,231,231,0,0.0
cross-source-pooled,primary,Q0044,msd_pancreas,OAKG,231,100,131,0.5670995670995671
cross-source-pooled,primary,Q0044,msd_pancreas,OAKG-Union,231,231,0,0.0
cross-source-pooled,primary,Q0044,msd_pancreas,WL,231,231,0,0.0
cross-source-pooled,primary,Q0044,msd_pancreas,ZeroImputation,231,231,0,0.0
cross-source-pooled,primary,Q0045,msd_pancreas,MissingnessIndicators,231,231,0,0.0
cross-source-pooled,primary,Q0045,msd_pancreas,OAKG,231,100,131,0.5670995670995671
cross-source-pooled,primary,Q0045,msd_pancreas,OAKG-Union,231,231,0,0.0
cross-source-pooled,primary,Q0045,msd_pancreas,WL,231,231,0,0.0
cross-source-pooled,primary,Q0045,msd_pancreas,ZeroImputation,231,231,0,0.0
cross-source-pooled,primary,Q0068,lits,MissingnessIndicators,381,381,0,0.0
cross-source-pooled,primary,Q0068,lits,OAKG,381,100,281,0.7375328083989501
cross-source-pooled,primary,Q0068,lits,OAKG-Union,381,381,0,0.0
cross-source-pooled,primary,Q0068,lits,WL,381,381,0,0.0
cross-source-pooled,primary,Q0068,lits,ZeroImputation,381,381,0,0.0
cross-source-pooled,primary,Q0077,lits,MissingnessIndicators,381,381,0,0.0
cross-source-pooled,primary,Q0077,lits,OAKG,381,100,281,0.7375328083989501
cross-source-pooled,primary,Q0077,lits,OAKG-Union,381,381,0,0.0
cross-source-pooled,primary,Q0077,lits,WL,381,381,0,0.0
cross-source-pooled,primary,Q0077,lits,ZeroImputation,381,381,0,0.0
cross-source-pooled,primary,Q0079,lits,MissingnessIndicators,381,381,0,0.0
cross-source-pooled,primary,Q0079,lits,OAKG,381,100,281,0.7375328083989501
cross-source-pooled,primary,Q0079,lits,OAKG-Union,381,381,0,0.0
cross-source-pooled,primary,Q0079,lits,WL,381,381,0,0.0
cross-source-pooled,primary,Q0079,lits,ZeroImputation,381,381,0,0.0
cross-source-pooled,primary,Q0094,flare22,MissingnessIndicators,412,412,0,0.0
cross-source-pooled,primary,Q0094,flare22,OAKG,412,412,0,0.0
cross-source-pooled,primary,Q0094,flare22,OAKG-Union,412,412,0,0.0
cross-source-pooled,primary,Q0094,flare22,WL,412,412,0,0.0
cross-source-pooled,primary,Q0094,flare22,ZeroImputation,412,412,0,0.0
cross-source-pooled,primary,Q0097,flare22,MissingnessIndicators,412,412,0,0.0
cross-source-pooled,primary,Q0097,flare22,OAKG,412,412,0,0.0
cross-source-pooled,primary,Q0097,flare22,OAKG-Union,412,412,0,0.0
cross-source-pooled,primary,Q0097,flare22,WL,412,412,0,0.0
cross-source-pooled,primary,Q0097,flare22,ZeroImputation,412,412,0,0.0
cross-source-pooled,primary,Q0098,flare22,MissingnessIndicators,412,412,0,0.0
cross-source-pooled,primary,Q0098,flare22,OAKG,412,412,0,0.0
cross-source-pooled,primary,Q0098,flare22,OAKG-Union,412,412,0,0.0
cross-source-pooled,primary,Q0098,flare22,WL,412,412,0,0.0
cross-source-pooled,primary,Q0098,flare22,ZeroImputation,412,412,0,0.0
cross-source-pooled,primary,Q0102,flare22,MissingnessIndicators,412,412,0,0.0
cross-source-pooled,primary,Q0102,flare22,OAKG,412,412,0,0.0
cross-source-pooled,primary,Q0102,flare22,OAKG-Union,412,412,0,0.0
cross-source-pooled,primary,Q0102,flare22,WL,412,412,0,0.0
cross-source-pooled,primary,Q0102,flare22,ZeroImputation,412,412,0,0.0
cross-source-pooled,primary,Q0103,flare22,MissingnessIndicators,412,412,0,0.0
cross-source-pooled,primary,Q0103,flare22,OAKG,412,412,0,0.0
cross-source-pooled,primary,Q0103,flare22,OAKG-Union,412,412,0,0.0
cross-source-pooled,primary,Q0103,flare22,WL,412,412,0,0.0
cross-source-pooled,primary,Q0103,flare22,ZeroImputation,412,412,0,0.0
cross-source-pooled,primary,Q0107,flare22,MissingnessIndicators,412,412,0,0.0
cross-source-pooled,primary,Q0107,flare22,OAKG,412,412,0,0.0
cross-source-pooled,primary,Q0107,flare22,OAKG-Union,412,412,0,0.0
cross-source-pooled,primary,Q0107,flare22,WL,412,412,0,0.0
cross-source-pooled,primary,Q0107,flare22,ZeroImputation,412,412,0,0.0
cross-source-pooled,primary,Q0108,flare22,MissingnessIndicators,412,412,0,0.0
cross-source-pooled,primary,Q0108,flare22,OAKG,412,412,0,0.0
cross-source-pooled,primary,Q0108,flare22,OAKG-Union,412,412,0,0.0
cross-source-pooled,primary,Q0108,flare22,WL,412,412,0,0.0
cross-source-pooled,primary,Q0108,flare22,ZeroImputation,412,412,0,0.0
cross-source-pooled,primary,Q0110,flare22,MissingnessIndicators,412,412,0,0.0
cross-source-pooled,primary,Q0110,flare22,OAKG,412,412,0,0.0
cross-source-pooled,primary,Q0110,flare22,OAKG-Union,412,412,0,0.0
cross-source-pooled,primary,Q0110,flare22,WL,412,412,0,0.0
cross-source-pooled,primary,Q0110,flare22,ZeroImputation,412,412,0,0.0
flare22-to-other-sources,primary,Q0094,flare22,MissingnessIndicators,412,412,0,0.0
flare22-to-other-sources,primary,Q0094,flare22,OAKG,412,412,0,0.0
flare22-to-other-sources,primary,Q0094,flare22,OAKG-Union,412,412,0,0.0
flare22-to-other-sources,primary,Q0094,flare22,WL,412,412,0,0.0
flare22-to-other-sources,primary,Q0094,flare22,ZeroImputation,412,412,0,0.0
flare22-to-other-sources,primary,Q0097,flare22,MissingnessIndicators,412,412,0,0.0
flare22-to-other-sources,primary,Q0097,flare22,OAKG,412,412,0,0.0
flare22-to-other-sources,primary,Q0097,flare22,OAKG-Union,412,412,0,0.0
flare22-to-other-sources,primary,Q0097,flare22,WL,412,412,0,0.0
flare22-to-other-sources,primary,Q0097,flare22,ZeroImputation,412,412,0,0.0
flare22-to-other-sources,primary,Q0098,flare22,MissingnessIndicators,412,412,0,0.0
flare22-to-other-sources,primary,Q0098,flare22,OAKG,412,412,0,0.0
flare22-to-other-sources,primary,Q0098,flare22,OAKG-Union,412,412,0,0.0
flare22-to-other-sources,primary,Q0098,flare22,WL,412,412,0,0.0
flare22-to-other-sources,primary,Q0098,flare22,ZeroImputation,412,412,0,0.0
flare22-to-other-sources,primary,Q0102,flare22,MissingnessIndicators,412,412,0,0.0
flare22-to-other-sources,primary,Q0102,flare22,OAKG,412,412,0,0.0
flare22-to-other-sources,primary,Q0102,flare22,OAKG-Union,412,412,0,0.0
flare22-to-other-sources,primary,Q0102,flare22,WL,412,412,0,0.0
flare22-to-other-sources,primary,Q0102,flare22,ZeroImputation,412,412,0,0.0
flare22-to-other-sources,primary,Q0103,flare22,MissingnessIndicators,412,412,0,0.0
flare22-to-other-sources,primary,Q0103,flare22,OAKG,412,412,0,0.0
flare22-to-other-sources,primary,Q0103,flare22,OAKG-Union,412,412,0,0.0
flare22-to-other-sources,primary,Q0103,flare22,WL,412,412,0,0.0
flare22-to-other-sources,primary,Q0103,flare22,ZeroImputation,412,412,0,0.0
flare22-to-other-sources,primary,Q0107,flare22,MissingnessIndicators,412,412,0,0.0
flare22-to-other-sources,primary,Q0107,flare22,OAKG,412,412,0,0.0
flare22-to-other-sources,primary,Q0107,flare22,OAKG-Union,412,412,0,0.0
flare22-to-other-sources,primary,Q0107,flare22,WL,412,412,0,0.0
flare22-to-other-sources,primary,Q0107,flare22,ZeroImputation,412,412,0,0.0
flare22-to-other-sources,primary,Q0108,flare22,MissingnessIndicators,412,412,0,0.0
flare22-to-other-sources,primary,Q0108,flare22,OAKG,412,412,0,0.0
flare22-to-other-sources,primary,Q0108,flare22,OAKG-Union,412,412,0,0.0
flare22-to-other-sources,primary,Q0108,flare22,WL,412,412,0,0.0
flare22-to-other-sources,primary,Q0108,flare22,ZeroImputation,412,412,0,0.0
flare22-to-other-sources,primary,Q0110,flare22,MissingnessIndicators,412,412,0,0.0
flare22-to-other-sources,primary,Q0110,flare22,OAKG,412,412,0,0.0
flare22-to-other-sources,primary,Q0110,flare22,OAKG-Union,412,412,0,0.0
flare22-to-other-sources,primary,Q0110,flare22,WL,412,412,0,0.0
flare22-to-other-sources,primary,Q0110,flare22,ZeroImputation,412,412,0,0.0
lits-to-other-sources,primary,Q0068,lits,MissingnessIndicators,381,381,0,0.0
lits-to-other-sources,primary,Q0068,lits,OAKG,381,100,281,0.7375328083989501
lits-to-other-sources,primary,Q0068,lits,OAKG-Union,381,381,0,0.0
lits-to-other-sources,primary,Q0068,lits,WL,381,381,0,0.0
lits-to-other-sources,primary,Q0068,lits,ZeroImputation,381,381,0,0.0
lits-to-other-sources,primary,Q0077,lits,MissingnessIndicators,381,381,0,0.0
lits-to-other-sources,primary,Q0077,lits,OAKG,381,100,281,0.7375328083989501
lits-to-other-sources,primary,Q0077,lits,OAKG-Union,381,381,0,0.0
lits-to-other-sources,primary,Q0077,lits,WL,381,381,0,0.0
lits-to-other-sources,primary,Q0077,lits,ZeroImputation,381,381,0,0.0
lits-to-other-sources,primary,Q0079,lits,MissingnessIndicators,381,381,0,0.0
lits-to-other-sources,primary,Q0079,lits,OAKG,381,100,281,0.7375328083989501
lits-to-other-sources,primary,Q0079,lits,OAKG-Union,381,381,0,0.0
lits-to-other-sources,primary,Q0079,lits,WL,381,381,0,0.0
lits-to-other-sources,primary,Q0079,lits,ZeroImputation,381,381,0,0.0
msd_pancreas-to-other-sources,primary,Q0017,msd_pancreas,MissingnessIndicators,231,231,0,0.0
msd_pancreas-to-other-sources,primary,Q0017,msd_pancreas,OAKG,231,100,131,0.5670995670995671
msd_pancreas-to-other-sources,primary,Q0017,msd_pancreas,OAKG-Union,231,231,0,0.0
msd_pancreas-to-other-sources,primary,Q0017,msd_pancreas,WL,231,231,0,0.0
msd_pancreas-to-other-sources,primary,Q0017,msd_pancreas,ZeroImputation,231,231,0,0.0
msd_pancreas-to-other-sources,primary,Q0018,msd_pancreas,MissingnessIndicators,231,231,0,0.0
msd_pancreas-to-other-sources,primary,Q0018,msd_pancreas,OAKG,231,100,131,0.5670995670995671
msd_pancreas-to-other-sources,primary,Q0018,msd_pancreas,OAKG-Union,231,231,0,0.0
msd_pancreas-to-other-sources,primary,Q0018,msd_pancreas,WL,231,231,0,0.0
msd_pancreas-to-other-sources,primary,Q0018,msd_pancreas,ZeroImputation,231,231,0,0.0
msd_pancreas-to-other-sources,primary,Q0028,msd_pancreas,MissingnessIndicators,231,231,0,0.0
msd_pancreas-to-other-sources,primary,Q0028,msd_pancreas,OAKG,231,100,131,0.5670995670995671
msd_pancreas-to-other-sources,primary,Q0028,msd_pancreas,OAKG-Union,231,231,0,0.0
msd_pancreas-to-other-sources,primary,Q0028,msd_pancreas,WL,231,231,0,0.0
msd_pancreas-to-other-sources,primary,Q0028,msd_pancreas,ZeroImputation,231,231,0,0.0
msd_pancreas-to-other-sources,primary,Q0030,msd_pancreas,MissingnessIndicators,231,231,0,0.0
msd_pancreas-to-other-sources,primary,Q0030,msd_pancreas,OAKG,231,100,131,0.5670995670995671
msd_pancreas-to-other-sources,primary,Q0030,msd_pancreas,OAKG-Union,231,231,0,0.0
msd_pancreas-to-other-sources,primary,Q0030,msd_pancreas,WL,231,231,0,0.0
msd_pancreas-to-other-sources,primary,Q0030,msd_pancreas,ZeroImputation,231,231,0,0.0
msd_pancreas-to-other-sources,primary,Q0031,msd_pancreas,MissingnessIndicators,231,231,0,0.0
msd_pancreas-to-other-sources,primary,Q0031,msd_pancreas,OAKG,231,100,131,0.5670995670995671
msd_pancreas-to-other-sources,primary,Q0031,msd_pancreas,OAKG-Union,231,231,0,0.0
msd_pancreas-to-other-sources,primary,Q0031,msd_pancreas,WL,231,231,0,0.0
msd_pancreas-to-other-sources,primary,Q0031,msd_pancreas,ZeroImputation,231,231,0,0.0
msd_pancreas-to-other-sources,primary,Q0039,msd_pancreas,MissingnessIndicators,231,231,0,0.0
msd_pancreas-to-other-sources,primary,Q0039,msd_pancreas,OAKG,231,100,131,0.5670995670995671
msd_pancreas-to-other-sources,primary,Q0039,msd_pancreas,OAKG-Union,231,231,0,0.0
msd_pancreas-to-other-sources,primary,Q0039,msd_pancreas,WL,231,231,0,0.0
msd_pancreas-to-other-sources,primary,Q0039,msd_pancreas,ZeroImputation,231,231,0,0.0
msd_pancreas-to-other-sources,primary,Q0041,msd_pancreas,MissingnessIndicators,231,231,0,0.0
msd_pancreas-to-other-sources,primary,Q0041,msd_pancreas,OAKG,231,100,131,0.5670995670995671
msd_pancreas-to-other-sources,primary,Q0041,msd_pancreas,OAKG-Union,231,231,0,0.0
msd_pancreas-to-other-sources,primary,Q0041,msd_pancreas,WL,231,231,0,0.0
msd_pancreas-to-other-sources,primary,Q0041,msd_pancreas,ZeroImputation,231,231,0,0.0
msd_pancreas-to-other-sources,primary,Q0043,msd_pancreas,MissingnessIndicators,231,231,0,0.0
msd_pancreas-to-other-sources,primary,Q0043,msd_pancreas,OAKG,231,100,131,0.5670995670995671
msd_pancreas-to-other-sources,primary,Q0043,msd_pancreas,OAKG-Union,231,231,0,0.0
msd_pancreas-to-other-sources,primary,Q0043,msd_pancreas,WL,231,231,0,0.0
msd_pancreas-to-other-sources,primary,Q0043,msd_pancreas,ZeroImputation,231,231,0,0.0
msd_pancreas-to-other-sources,primary,Q0044,msd_pancreas,MissingnessIndicators,231,231,0,0.0
msd_pancreas-to-other-sources,primary,Q0044,msd_pancreas,OAKG,231,100,131,0.5670995670995671
msd_pancreas-to-other-sources,primary,Q0044,msd_pancreas,OAKG-Union,231,231,0,0.0
msd_pancreas-to-other-sources,primary,Q0044,msd_pancreas,WL,231,231,0,0.0
msd_pancreas-to-other-sources,primary,Q0044,msd_pancreas,ZeroImputation,231,231,0,0.0
msd_pancreas-to-other-sources,primary,Q0045,msd_pancreas,MissingnessIndicators,231,231,0,0.0
msd_pancreas-to-other-sources,primary,Q0045,msd_pancreas,OAKG,231,100,131,0.5670995670995671
msd_pancreas-to-other-sources,primary,Q0045,msd_pancreas,OAKG-Union,231,231,0,0.0
msd_pancreas-to-other-sources,primary,Q0045,msd_pancreas,WL,231,231,0,0.0
msd_pancreas-to-other-sources,primary,Q0045,msd_pancreas,ZeroImputation,231,231,0,0.0
flare22-to-lits,exploratory-source-pairs,Q0094,flare22,MissingnessIndicators,131,131,0,0.0
flare22-to-lits,exploratory-source-pairs,Q0094,flare22,OAKG,131,131,0,0.0
flare22-to-lits,exploratory-source-pairs,Q0094,flare22,OAKG-Union,131,131,0,0.0
flare22-to-lits,exploratory-source-pairs,Q0094,flare22,WL,131,131,0,0.0
flare22-to-lits,exploratory-source-pairs,Q0094,flare22,ZeroImputation,131,131,0,0.0
flare22-to-lits,exploratory-source-pairs,Q0097,flare22,MissingnessIndicators,131,131,0,0.0
flare22-to-lits,exploratory-source-pairs,Q0097,flare22,OAKG,131,131,0,0.0
flare22-to-lits,exploratory-source-pairs,Q0097,flare22,OAKG-Union,131,131,0,0.0
flare22-to-lits,exploratory-source-pairs,Q0097,flare22,WL,131,131,0,0.0
flare22-to-lits,exploratory-source-pairs,Q0097,flare22,ZeroImputation,131,131,0,0.0
flare22-to-lits,exploratory-source-pairs,Q0103,flare22,MissingnessIndicators,131,131,0,0.0
flare22-to-lits,exploratory-source-pairs,Q0103,flare22,OAKG,131,131,0,0.0
flare22-to-lits,exploratory-source-pairs,Q0103,flare22,OAKG-Union,131,131,0,0.0
flare22-to-lits,exploratory-source-pairs,Q0103,flare22,WL,131,131,0,0.0
flare22-to-lits,exploratory-source-pairs,Q0103,flare22,ZeroImputation,131,131,0,0.0
flare22-to-lits,exploratory-source-pairs,Q0107,flare22,MissingnessIndicators,131,131,0,0.0
flare22-to-lits,exploratory-source-pairs,Q0107,flare22,OAKG,131,131,0,0.0
flare22-to-lits,exploratory-source-pairs,Q0107,flare22,OAKG-Union,131,131,0,0.0
flare22-to-lits,exploratory-source-pairs,Q0107,flare22,WL,131,131,0,0.0
flare22-to-lits,exploratory-source-pairs,Q0107,flare22,ZeroImputation,131,131,0,0.0
flare22-to-lits,exploratory-source-pairs,Q0110,flare22,MissingnessIndicators,131,131,0,0.0
flare22-to-lits,exploratory-source-pairs,Q0110,flare22,OAKG,131,131,0,0.0
flare22-to-lits,exploratory-source-pairs,Q0110,flare22,OAKG-Union,131,131,0,0.0
flare22-to-lits,exploratory-source-pairs,Q0110,flare22,WL,131,131,0,0.0
flare22-to-lits,exploratory-source-pairs,Q0110,flare22,ZeroImputation,131,131,0,0.0
flare22-to-msd_pancreas,exploratory-source-pairs,Q0098,flare22,MissingnessIndicators,281,281,0,0.0
flare22-to-msd_pancreas,exploratory-source-pairs,Q0098,flare22,OAKG,281,281,0,0.0
flare22-to-msd_pancreas,exploratory-source-pairs,Q0098,flare22,OAKG-Union,281,281,0,0.0
flare22-to-msd_pancreas,exploratory-source-pairs,Q0098,flare22,WL,281,281,0,0.0
flare22-to-msd_pancreas,exploratory-source-pairs,Q0098,flare22,ZeroImputation,281,281,0,0.0
flare22-to-msd_pancreas,exploratory-source-pairs,Q0102,flare22,MissingnessIndicators,281,281,0,0.0
flare22-to-msd_pancreas,exploratory-source-pairs,Q0102,flare22,OAKG,281,281,0,0.0
flare22-to-msd_pancreas,exploratory-source-pairs,Q0102,flare22,OAKG-Union,281,281,0,0.0
flare22-to-msd_pancreas,exploratory-source-pairs,Q0102,flare22,WL,281,281,0,0.0
flare22-to-msd_pancreas,exploratory-source-pairs,Q0102,flare22,ZeroImputation,281,281,0,0.0
flare22-to-msd_pancreas,exploratory-source-pairs,Q0108,flare22,MissingnessIndicators,281,281,0,0.0
flare22-to-msd_pancreas,exploratory-source-pairs,Q0108,flare22,OAKG,281,281,0,0.0
flare22-to-msd_pancreas,exploratory-source-pairs,Q0108,flare22,OAKG-Union,281,281,0,0.0
flare22-to-msd_pancreas,exploratory-source-pairs,Q0108,flare22,WL,281,281,0,0.0
flare22-to-msd_pancreas,exploratory-source-pairs,Q0108,flare22,ZeroImputation,281,281,0,0.0
lits-to-flare22,exploratory-source-pairs,Q0068,lits,MissingnessIndicators,100,100,0,0.0
lits-to-flare22,exploratory-source-pairs,Q0068,lits,OAKG,100,100,0,0.0
lits-to-flare22,exploratory-source-pairs,Q0068,lits,OAKG-Union,100,100,0,0.0
lits-to-flare22,exploratory-source-pairs,Q0068,lits,WL,100,100,0,0.0
lits-to-flare22,exploratory-source-pairs,Q0068,lits,ZeroImputation,100,100,0,0.0
lits-to-flare22,exploratory-source-pairs,Q0077,lits,MissingnessIndicators,100,100,0,0.0
lits-to-flare22,exploratory-source-pairs,Q0077,lits,OAKG,100,100,0,0.0
lits-to-flare22,exploratory-source-pairs,Q0077,lits,OAKG-Union,100,100,0,0.0
lits-to-flare22,exploratory-source-pairs,Q0077,lits,WL,100,100,0,0.0
lits-to-flare22,exploratory-source-pairs,Q0077,lits,ZeroImputation,100,100,0,0.0
lits-to-flare22,exploratory-source-pairs,Q0079,lits,MissingnessIndicators,100,100,0,0.0
lits-to-flare22,exploratory-source-pairs,Q0079,lits,OAKG,100,100,0,0.0
lits-to-flare22,exploratory-source-pairs,Q0079,lits,OAKG-Union,100,100,0,0.0
lits-to-flare22,exploratory-source-pairs,Q0079,lits,WL,100,100,0,0.0
lits-to-flare22,exploratory-source-pairs,Q0079,lits,ZeroImputation,100,100,0,0.0
msd_pancreas-to-flare22,exploratory-source-pairs,Q0017,msd_pancreas,MissingnessIndicators,100,100,0,0.0
msd_pancreas-to-flare22,exploratory-source-pairs,Q0017,msd_pancreas,OAKG,100,100,0,0.0
msd_pancreas-to-flare22,exploratory-source-pairs,Q0017,msd_pancreas,OAKG-Union,100,100,0,0.0
msd_pancreas-to-flare22,exploratory-source-pairs,Q0017,msd_pancreas,WL,100,100,0,0.0
msd_pancreas-to-flare22,exploratory-source-pairs,Q0017,msd_pancreas,ZeroImputation,100,100,0,0.0
msd_pancreas-to-flare22,exploratory-source-pairs,Q0018,msd_pancreas,MissingnessIndicators,100,100,0,0.0
msd_pancreas-to-flare22,exploratory-source-pairs,Q0018,msd_pancreas,OAKG,100,100,0,0.0
msd_pancreas-to-flare22,exploratory-source-pairs,Q0018,msd_pancreas,OAKG-Union,100,100,0,0.0
msd_pancreas-to-flare22,exploratory-source-pairs,Q0018,msd_pancreas,WL,100,100,0,0.0
msd_pancreas-to-flare22,exploratory-source-pairs,Q0018,msd_pancreas,ZeroImputation,100,100,0,0.0
msd_pancreas-to-flare22,exploratory-source-pairs,Q0028,msd_pancreas,MissingnessIndicators,100,100,0,0.0
msd_pancreas-to-flare22,exploratory-source-pairs,Q0028,msd_pancreas,OAKG,100,100,0,0.0
msd_pancreas-to-flare22,exploratory-source-pairs,Q0028,msd_pancreas,OAKG-Union,100,100,0,0.0
msd_pancreas-to-flare22,exploratory-source-pairs,Q0028,msd_pancreas,WL,100,100,0,0.0
msd_pancreas-to-flare22,exploratory-source-pairs,Q0028,msd_pancreas,ZeroImputation,100,100,0,0.0
msd_pancreas-to-flare22,exploratory-source-pairs,Q0030,msd_pancreas,MissingnessIndicators,100,100,0,0.0
msd_pancreas-to-flare22,exploratory-source-pairs,Q0030,msd_pancreas,OAKG,100,100,0,0.0
msd_pancreas-to-flare22,exploratory-source-pairs,Q0030,msd_pancreas,OAKG-Union,100,100,0,0.0
msd_pancreas-to-flare22,exploratory-source-pairs,Q0030,msd_pancreas,WL,100,100,0,0.0
msd_pancreas-to-flare22,exploratory-source-pairs,Q0030,msd_pancreas,ZeroImputation,100,100,0,0.0
msd_pancreas-to-flare22,exploratory-source-pairs,Q0031,msd_pancreas,MissingnessIndicators,100,100,0,0.0
msd_pancreas-to-flare22,exploratory-source-pairs,Q0031,msd_pancreas,OAKG,100,100,0,0.0
msd_pancreas-to-flare22,exploratory-source-pairs,Q0031,msd_pancreas,OAKG-Union,100,100,0,0.0
msd_pancreas-to-flare22,exploratory-source-pairs,Q0031,msd_pancreas,WL,100,100,0,0.0
msd_pancreas-to-flare22,exploratory-source-pairs,Q0031,msd_pancreas,ZeroImputation,100,100,0,0.0
msd_pancreas-to-flare22,exploratory-source-pairs,Q0039,msd_pancreas,MissingnessIndicators,100,100,0,0.0
msd_pancreas-to-flare22,exploratory-source-pairs,Q0039,msd_pancreas,OAKG,100,100,0,0.0
msd_pancreas-to-flare22,exploratory-source-pairs,Q0039,msd_pancreas,OAKG-Union,100,100,0,0.0
msd_pancreas-to-flare22,exploratory-source-pairs,Q0039,msd_pancreas,WL,100,100,0,0.0
msd_pancreas-to-flare22,exploratory-source-pairs,Q0039,msd_pancreas,ZeroImputation,100,100,0,0.0
msd_pancreas-to-flare22,exploratory-source-pairs,Q0041,msd_pancreas,MissingnessIndicators,100,100,0,0.0
msd_pancreas-to-flare22,exploratory-source-pairs,Q0041,msd_pancreas,OAKG,100,100,0,0.0
msd_pancreas-to-flare22,exploratory-source-pairs,Q0041,msd_pancreas,OAKG-Union,100,100,0,0.0
msd_pancreas-to-flare22,exploratory-source-pairs,Q0041,msd_pancreas,WL,100,100,0,0.0
msd_pancreas-to-flare22,exploratory-source-pairs,Q0041,msd_pancreas,ZeroImputation,100,100,0,0.0
msd_pancreas-to-flare22,exploratory-source-pairs,Q0043,msd_pancreas,MissingnessIndicators,100,100,0,0.0
msd_pancreas-to-flare22,exploratory-source-pairs,Q0043,msd_pancreas,OAKG,100,100,0,0.0
msd_pancreas-to-flare22,exploratory-source-pairs,Q0043,msd_pancreas,OAKG-Union,100,100,0,0.0
msd_pancreas-to-flare22,exploratory-source-pairs,Q0043,msd_pancreas,WL,100,100,0,0.0
msd_pancreas-to-flare22,exploratory-source-pairs,Q0043,msd_pancreas,ZeroImputation,100,100,0,0.0
msd_pancreas-to-flare22,exploratory-source-pairs,Q0044,msd_pancreas,MissingnessIndicators,100,100,0,0.0
msd_pancreas-to-flare22,exploratory-source-pairs,Q0044,msd_pancreas,OAKG,100,100,0,0.0
msd_pancreas-to-flare22,exploratory-source-pairs,Q0044,msd_pancreas,OAKG-Union,100,100,0,0.0
msd_pancreas-to-flare22,exploratory-source-pairs,Q0044,msd_pancreas,WL,100,100,0,0.0
msd_pancreas-to-flare22,exploratory-source-pairs,Q0044,msd_pancreas,ZeroImputation,100,100,0,0.0
msd_pancreas-to-flare22,exploratory-source-pairs,Q0045,msd_pancreas,MissingnessIndicators,100,100,0,0.0
msd_pancreas-to-flare22,exploratory-source-pairs,Q0045,msd_pancreas,OAKG,100,100,0,0.0
msd_pancreas-to-flare22,exploratory-source-pairs,Q0045,msd_pancreas,OAKG-Union,100,100,0,0.0
msd_pancreas-to-flare22,exploratory-source-pairs,Q0045,msd_pancreas,WL,100,100,0,0.0
msd_pancreas-to-flare22,exploratory-source-pairs,Q0045,msd_pancreas,ZeroImputation,100,100,0,0.0
